Workbook

Sheet Final data to check
A1: Name | B1: Total Payout | C1: =SUM(_xlfn.ANCHORARRAY(B2)) -> #REF!
A2: {=TRANSPOSE('Final payout'!C1:EH1)} -> Aanya | B2: {=TRANSPOSE('Final payout'!#REF!)} -> #REF!
A3: Ahila Sundaresan
A4: Alekhya Pokuri
A5: Ambar Romero
A6: Amel Yousfi
A7: Amrita Singh
A8: Andrea Lorenzano
A9: Angayarkanni Kannan
A10: Angel Edwards
A11: Anitaben Patel
A12: Anjali Devunuri
A13: Anjana Vijayan
A14: Ankana Biswas Dutta
... A137: Rutuja Rajput

Sheet Final payout
A1: Process | B1: Description | C1: Aanya | D1: Ahila Sundaresan | E1: Alekhya Pokuri | F1: Ambar Romero | G1: Amel Yousfi | H1: Amrita Singh | I1: Andrea Lorenzano | J1: Angayarkanni Kannan | K1: Angel Edwards | L1: Anitaben Patel | M1: Anjali Devunuri | N1: Anjana Vijayan | O1: Ankana Biswas Dutta | P1: Anshu Dubey | Q1: Anusha Cheerla | R1: Anusha Kulageri | S1: Anusha Prasannakumar | T1: Arcelia Finkelberg | U1: Atchaya Rangasamy Venugopal | V1: Azumi Van Scyoc | W1: Babitha Koraganti | X1: Balasubramani Kandasamy | Y1: Cecilia Hendricks | Z1: Chandana Bathina | AA1: Chandini Yellamilli | AB1: Chinmaya Jyothi Pulikallu | AC1: Damion Newell | AD1: Deepika Chintaluri | AE1: Devi Prakash | AF1: Devicharitha Malapati | AG1: Dhanalakshmi Nelluri | AH1: Dhivya Shankar | AI1: Dhivyalakshmi Vigneshwaran | AJ1: Diksha Vijaykumar More | AK1: Divya Babu | AL1: Divya Manjeshwar kamath | AM1: Divya Shree | AN1: Erianna Lockhart | AO1: Faith Ujjwala Singh | AP1: Fallyan Redd | AQ1: Farheen Hasham | AR1: Farzana Shaik | AS1: Fnu Supriya | AT1: Foua Yang | AU1: Franklin C Onyedili | AV1: Gayatri Paramsivam | AW1: Geetalakshmi Govinthara Annadhurai | AX1: Gia Erica Coleman | AY1: Hadjer Ikram Yousfi | AZ1: Haley VanNamee | BA1: Harathi Nuvuru | BB1: Hetal Shah | BC1: I-Asia Newkirk | BD1: Infanta Clara Victor Anthony | BE1: Jaya Singh | BF1: Jayashree Swain | BG1: Jhou Yang | BH1: Jyothi Venkatasubramanya | BI1: Kabila Sivasankar | BJ1: Kavya Krishnappa | BK1: Kawanna Brown | BL1: Komala Renuka Prasad | BM1: Krishnaveni | BN1: Krithika Balasubramaniam | BO1: Lakshmi Neelima Duddula | BP1: LaSere Reid Smith | BQ1: LATHA BUSIREDDY | BR1: Latrice Adams | BS1: Lavanya Vigrahala | BT1: Laxmi Sirisha Penumecha | BU1: Lipsa Padhy | BV1: Lokeswari Gummadi | BW1: Madhana Sundari Vijayarajan | BX1: Madhavi Balineni | BY1: Madhura Alva | BZ1: Madhuri Padala | CA1: Maira Becham | CB1: Manda Talwekar | CC1: Manjunath JagadishPai | CD1: Mariko Huskey | CE1: Marilyn Brown | CF1: Marina Ibrahim | CG1: Mathangi Radhakrishnan | CH1: Michelle Cox | CI1: Minakshi Deepak | CJ1: Mojisha Mohandas | CK1: Monalisa Roy | CL1: Mool Chand | CM1: Naagarashikaa Vijayakumar | CN1: Naganandhini Ganapathimaran | CO1: Namita Mishra | CP1: Namrata Sharma | CQ1: Namratha Koratala | CR1: Narmadhadevi Dharmapalan | CS1: Neena Mathew Saravanakumar | CT1: Neha Aaggarwal | CU1: Nilopher Lopes | CV1: Nitha Chathoth Kunhikrishnan | CW1: Padmapriya krishnamoorthy | CX1: Palak Porwal | CY1: Pavithra Balaji | CZ1: Pavithra Manas Panda | DA1: Pavitra Rani Allam | DB1: Pooja Solanki | DC1: Poongothai Duraisamy | DD1: Pragyan Paramita Mohanty | DE1: Pranusha Dontineni | DF1: Prasana Kotagiri | DG1: Prathima Krishnamurthy Yadav | DH1: Prathima Lakkireddy | DI1: PRAVALLIKA NUTHALAPATI | DJ1: Priti Suman | DK1: Priyadarsini Baral | DL1: Priyanka Chandrikapure | DM1: Priyanka Dey Sarkar | DN1: Priyanka Gadar | DO1: Pushpaja Vullamgunta | DP1: Rajameenakshi Sankarasubramanian | DQ1: Rajeshwari Thammineni | DR1: Ramsheena Nadathalakkel | DS1: Ramya Muralidharan | DT1: Ramya Sudarshan Palavalli | DU1: Randi Wood | DV1: Rashmi Gupta | DW1: Rashmi Kottachery | DX1: Rashmi Rangdale | DY1: Rathika Jude | DZ1: Ratnasree Gudla | EA1: Reejaramani Subramani | EB1: Reema Rasheed | EC1: Reshmi Pulickal Radhakrishnan | ED1: Rima Loganathan | EE1: Rishi Goswami | EF1: Roja Punna | EG1: Rupali Bangar | EH1: Rutuja Rajput | EI1: Sabiha Khan | EJ1: Sai Santhya Ravikumar | EK1: Sangeetha Jeyabalan | EL1: Sanjana Mandal | EM1: Sara Abdelsayed | EN1: Saranya Sabarish | EO1: Sasikala Murugesan | EP1: Sathya Ezhilan | EQ1: Sathya Naveenraj | ER1: Selvakamatchi Rajamani | ES1: Shagida Nishwan | ET1: Sharanya Madhavan | EU1: Sharmila Lakshmipathy | EV1: Sharmila Raghavan | EW1: Siddhardha Yalavarthy | EX1: Sindhu Selvaraj | EY1: Sindhu Thanigesan | EZ1: Sireesha Gottimukkala | FA1: Snehal Choudhari | FB1: Snighdha Dave | FC1: Somdutta Paul | FD1: Sonali Gupta | FE1: Sonia Mohanty | FF1: Soumya kalyanaraman | FG1: Sowjanya Ravella | FH1: Sree Nalini Uduta | FI1: Sreedevi Salapu | FJ1: Srikanya R | FK1: Srilekha Kotte | FL1: Sripriyadarshini | FM1: Srividhyalakshmi Murugadass | FN1: Sruthi Arambachalil | FO1: Subasri Swaminathan | FP1: Subhanandhini Kumarasamy | FQ1: Subhina Bhaskar | FR1: subratha suresh kamat | FS1: Suchitra Rajesh | FT1: Sudesh Goel | FU1: Sunitha nara | FV1: Swathi Kodali | FW1: SWATHI LAKSHMI GUNDURU | FX1: Swati bartake | FY1: Swati Ghogare | FZ1: Sweety Ranka | GA1: Tapasi Rath | GB1: Tarshik Spurling | GC1: Tej Patel | GD1: Umamaheswari Shanmugam | GE1: Usha Devi Singaravelu | GF1: Vaishnavi Devi Bunja Dhinakaran | GG1: Valarmathi Magudeswaran | GH1: Valliammai Ramanathan | GI1: Vani Hanumantu | GJ1: Varsha Javali | GK1: Vasuda Rawal | GL1: Vasudha Kodi | GM1: Venkata Vemuri | GN1: Vidya Thirunavukkarasu | GO1: Vijayalakshmi Bhaskaran | GP1: Vyom Bhandari | GQ1: Yazhini Ravichandran | GR1: Kely
A2: Total Payout | B2: =SUM(C2:GR2) -> 174456.6 | C2: =IFERROR(HLOOKUP(C1,Index!C1:GR12,11,0),0) -> 4391.5 | D2: =IFERROR(HLOOKUP(D1,Index!D1:GS12,11,0),0) -> 4556.85 | E2: =IFERROR(HLOOKUP(E1,Index!E1:GT12,11,0),0) -> 8 | F2: =IFERROR(HLOOKUP(F1,Index!F1:GU12,11,0),0) -> 3530.15 | G2: =IFERROR(HLOOKUP(G1,Index!G1:GV12,11,0),0) -> 318.5 | H2: =IFERROR(HLOOKUP(H1,Index!H1:GW12,11,0),0) -> 1191.25 | I2: =IFERROR(HLOOKUP(I1,Index!I1:GX12,11,0),0) -> 3313.25 | J2: =IFERROR(HLOOKUP(J1,Index!J1:GY12,11,0),0) -> 10.5 | ... GR2: =IFERROR(HLOOKUP(GR1,Index!GR1:OG12,11,0),0) -> 4082
B3: =B2-Index!B11 -> 0

Sheet Arrears_Nov'25
A1: Process | B1: Total
A2: Datavant Arrears | B2: =SUM(C2:CL2) -> 0
A3: MRO Processing | B3: =SUM(C3:CL3) -> 0
A4: Verisma Arrears | B4: =SUM(C4:CL4) -> 0
A5: Total | B5: =SUM(B2:B4) -> 0 | C5: =SUM(C3:C4) -> 0 | D5: =SUM(D3:D4) -> 0 | E5: =SUM(E2:E4) -> 0 | F5: =SUM(F2:F4) -> 0 | G5: =SUM(G3:G4) -> 0

Sheet Payroll Verisma
A1: Date | B1: Day | C1: Overall
D2: Aanya | E2: Ahila Sundaresan | F2: Alekhya Pokuri | G2: Ambar Romero | H2: Amel Yousfi | I2: Amrita Singh | J2: Andrea Lorenzano | K2: Angayarkanni Kannan | L2: Angel Edwards | M2: Anitaben Patel | N2: Anjali Devunuri | O2: Anjana Vijayan | P2: Ankana Biswas Dutta | Q2: Anshu Dubey | R2: Anusha Cheerla | S2: Anusha Kulageri | T2: Anusha Prasannakumar | U2: Arcelia Finkelberg | V2: Atchaya Rangasamy Venugopal | W2: Azumi Van Scyoc | X2: Babitha Koraganti | Y2: Balasubramani Kandasamy | Z2: Cecilia Hendricks | AA2: Chandana Bathina | AB2: Chandini Yellamilli | AC2: Chinmaya Jyothi Pulikallu | AD2: Damion Newell | AE2: Deepika Chintaluri | AF2: Devi Prakash | AG2: Devicharitha Malapati | AH2: Dhanalakshmi Nelluri | AI2: Dhivya Shankar | AJ2: Dhivyalakshmi Vigneshwaran | AK2: Diksha Vijaykumar More | AL2: Divya Babu | AM2: Divya Manjeshwar kamath | AN2: Divya Shree | AO2: Erianna Lockhart | AP2: Faith Ujjwala Singh | AQ2: Fallyan Redd | AR2: Farheen Hasham | AS2: Farzana Shaik | AT2: Fnu Supriya | AU2: Foua Yang | AV2: Franklin C Onyedili | AW2: Gayatri Paramsivam | AX2: Geetalakshmi Govinthara Annadhurai | AY2: Gia Erica Coleman | AZ2: Hadjer Ikram Yousfi | BA2: Haley VanNamee | BB2: Harathi Nuvuru | BC2: Hetal Shah | BD2: I-Asia Newkirk | BE2: Infanta Clara Victor Anthony | BF2: Jaya Singh | BG2: Jayashree Swain | BH2: Jhou Yang | BI2: Jyothi Venkatasubramanya | BJ2: Kabila Sivasankar | BK2: Kavya Krishnappa | BL2: Kawanna Brown | BM2: Komala Renuka Prasad | BN2: Krishnaveni | BO2: Krithika Balasubramaniam | BP2: Lakshmi Neelima Duddula | BQ2: LaSere Reid Smith | BR2: LATHA BUSIREDDY | BS2: Latrice Adams | BT2: Lavanya Vigrahala | BU2: Laxmi Sirisha Penumecha | BV2: Lipsa Padhy | BW2: Lokeswari Gummadi | BX2: Madhana Sundari Vijayarajan | BY2: Madhavi Balineni | BZ2: Madhura Alva | CA2: Madhuri Padala | CB2: Maira Becham | CC2: Manda Talwekar | CD2: Manjunath JagadishPai | CE2: Mariko Huskey | CF2: Marilyn Brown | CG2: Marina Ibrahim | CH2: Mathangi Radhakrishnan | CI2: Michelle Cox | CJ2: Minakshi Deepak | CK2: Mojisha Mohandas | CL2: Monalisa Roy | CM2: Mool Chand | CN2: Naagarashikaa Vijayakumar | CO2: Naganandhini Ganapathimaran | CP2: Namita Mishra | CQ2: Namrata Sharma | CR2: Namratha Koratala | CS2: Narmadhadevi Dharmapalan | CT2: Neena Mathew Saravanakumar | CU2: Neha Aaggarwal | CV2: Nilopher Lopes | CW2: Nitha Chathoth Kunhikrishnan | CX2: Padmapriya krishnamoorthy | CY2: Palak Porwal | CZ2: Pavithra Balaji | DA2: Pavithra Manas Panda | DB2: Pavitra Rani Allam | DC2: Pooja Solanki | DD2: Poongothai Duraisamy | DE2: Pragyan Paramita Mohanty | DF2: Pranusha Dontineni | DG2: Prasana Kotagiri | DH2: Prathima Krishnamurthy Yadav | DI2: Prathima Lakkireddy | DJ2: PRAVALLIKA NUTHALAPATI | DK2: Priti Suman | DL2: Priyadarsini Baral | DM2: Priyanka Chandrikapure | DN2: Priyanka Dey Sarkar | DO2: Priyanka Gadar | DP2: Pushpaja Vullamgunta | DQ2: Rajameenakshi Sankarasubramanian | DR2: Rajeshwari Thammineni | DS2: Ramsheena Nadathalakkel | DT2: Ramya Muralidharan | DU2: Ramya Sudarshan Palavalli | DV2: Randi Wood | DW2: Rashmi Gupta | DX2: Rashmi Kottachery | DY2: Rashmi Rangdale | DZ2: Rathika Jude | EA2: Ratnasree Gudla | EB2: Reejaramani Subramani | EC2: Reema Rasheed | ED2: Reshmi Pulickal Radhakrishnan | EE2: Rima Loganathan | EF2: Rishi Goswami | EG2: Roja Punna | EH2: Rupali Bangar | EI2: Rutuja Rajput | EJ2: Sabiha Khan | EK2: Sai Santhya Ravikumar | EL2: Sangeetha Jeyabalan | EM2: Sanjana Mandal | EN2: Sara Abdelsayed | EO2: Saranya Sabarish | EP2: Sasikala Murugesan | EQ2: Sathya Ezhilan | ER2: Sathya Naveenraj | ES2: Selvakamatchi Rajamani | ET2: Shagida Nishwan | EU2: Sharanya Madhavan | EV2: Sharmila Lakshmipathy | EW2: Sharmila Raghavan | EX2: Siddhardha Yalavarthy | EY2: Sindhu Selvaraj | EZ2: Sindhu Thanigesan | FA2: Sireesha Gottimukkala | FB2: Snehal Choudhari | FC2: Snighdha Dave | FD2: Somdutta Paul | FE2: Sonali Gupta | FF2: Sonia Mohanty | FG2: Soumya kalyanaraman | FH2: Sowjanya Ravella | FI2: Sree Nalini Uduta | FJ2: Sreedevi Salapu | FK2: Srikanya R | FL2: Srilekha Kotte | FM2: Sripriyadarshini | FN2: Srividhyalakshmi Murugadass | FO2: Sruthi Arambachalil | FP2: Subasri Swaminathan | FQ2: Subhanandhini Kumarasamy | FR2: Subhina Bhaskar | FS2: subratha suresh kamat | FT2: Suchitra Rajesh | FU2: Sudesh Goel | FV2: Sunitha nara | FW2: Swathi Kodali | FX2: SWATHI LAKSHMI GUNDURU | FY2: Swati bartake | FZ2: Swati Ghogare | GA2: Sweety Ranka | GB2: Tapasi Rath | GC2: Tarshik Spurling | GD2: Tej Patel | GE2: Umamaheswari Shanmugam | GF2: Usha Devi Singaravelu | GG2: Vaishnavi Devi Bunja Dhinakaran | GH2: Valarmathi Magudeswaran | GI2: Valliammai Ramanathan | GJ2: Vani Hanumantu | GK2: Varsha Javali | GL2: Vasuda Rawal | GM2: Vasudha Kodi | GN2: Venkata Vemuri | GO2: Vidya Thirunavukkarasu | GP2: Vijayalakshmi Bhaskaran | GQ2: Vyom Bhandari | GR2: Yazhini Ravichandran
A3: ='Payroll MRO'!A3 -> 46023 | B3: =TEXT(A3,"DDD") -> Thu | C3: =SUM(D3:GV3) -> 814 | D3: 0 | E3: 0 | F3: 0 | G3: 0 | H3: 0 | I3: 0 | J3: 0 | K3: 0 | L3: 0 | M3: 0 | N3: 0 | O3: 0 | P3: 0 | Q3: 0 | R3: 0 | S3: 0 | T3: 56 | U3: 0 | V3: 0 | W3: 0 | X3: 0 | Y3: 0 | Z3: 62 | AA3: 0 | AB3: 0 | AC3: 0 | AD3: 0 | AE3: 0 | AF3: 0 | AG3: 0 | AH3: 0 | AI3: 0 | AJ3: 0 | AK3: 0 | AL3: 0 | AM3: 0 | AN3: 0 | AO3: 0 | AP3: 0 | AQ3: 0 | AR3: 0 | AS3: 0 | AT3: 0 | AU3: 0 | AV3: 0 | AW3: 0 | AX3: 0 | AY3: 0 | AZ3: 0 | BA3: 0 | BB3: 0 | BC3: 0 | BD3: 0 | BE3: 0 | BF3: 0 | BG3: 0 | BH3: 0 | BI3: 0 | BJ3: 0 | BK3: 0 | BL3: 0 | BM3: 0 | BN3: 10 | BO3: 0 | BP3: 0 | BQ3: 0 | BR3: 0 | BS3: 0 | BT3: 0 | BU3: 0 | BV3: 0 | BW3: 0 | BX3: 0 | BY3: 0 | BZ3: 0 | CA3: 0 | CB3: 0 | CC3: 0 | CD3: 0 | CE3: 0 | CF3: 0 | CG3: 0 | CH3: 8 | CI3: 0 | CJ3: 0 | CK3: 0 | CL3: 0 | CM3: 0 | CN3: 51 | CO3: 0 | CP3: 0 | CQ3: 0 | CR3: 10 | CS3: 0 | CT3: 0 | CU3: 0 | CV3: 0 | CW3: 0 | CX3: 0 | CY3: 0 | CZ3: 0 | DA3: 0 | DB3: 0 | DC3: 0 | DD3: 0 | DE3: 0 | DF3: 0 | DG3: 0 | DH3: 0 | DI3: 0 | DJ3: 0 | DK3: 69 | DL3: 0 | DM3: 0 | DN3: 0 | DO3: 0 | DP3: 0 | DQ3: 0 | DR3: 0 | DS3: 0 | DT3: 0 | DU3: 0 | DV3: 0 | DW3: 0 | DX3: 3 | DY3: 0 | DZ3: 0 | EA3: 0 | EB3: 0 | EC3: 0 | ED3: 0 | EE3: 0 | EF3: 0 | EG3: 0 | EH3: 0 | EI3: 0 | EJ3: 0 | EK3: 0 | EL3: 0 | EM3: 0 | EN3: 0 | EO3: 0 | EP3: 0 | EQ3: 0 | ER3: 0 | ES3: 0 | ET3: 0 | EU3: 0 | EV3: 0 | EW3: 0 | EX3: 0 | EY3: 0 | EZ3: 0 | FA3: 0 | FB3: 0 | FC3: 0 | FD3: 0 | FE3: 0 | FF3: 0 | FG3: 0 | FH3: 290 | FI3: 0 | FJ3: 0 | FK3: 0 | FL3: 0 | FM3: 0 | FN3: 0 | FO3: 0 | FP3: 0 | FQ3: 0 | FR3: 0 | FS3: 200 | FT3: 0 | FU3: 0 | FV3: 0 | FW3: 0 | FX3: 0 | FY3: 0 | FZ3: 0 | GA3: 0 | GB3: 0 | GC3: 0 | GD3: 0 | GE3: 28 | GF3: 0 | GG3: 0 | GH3: 0 | GI3: 0 | GJ3: 0 | GK3: 0 | GL3: 27 | GM3: 0 | GN3: 0 | GO3: 0 | GP3: 0 | GQ3: 0 | GR3: 0
A4: =A3+1 -> 46024 | B4: =TEXT(A4,"DDD") -> Fri | C4: =SUM(D4:GV4) -> 2443 | D4: 0 | E4: 0 | F4: 0 | G4: 0 | H4: 0 | I4: 0 | J4: 0 | K4: 0 | L4: 0 | M4: 0 | N4: 32 | O4: 0 | P4: 0 | Q4: 0 | R4: 0 | S4: 57 | T4: 136 | U4: 0 | V4: 0 | W4: 0 | X4: 0 | Y4: 0 | Z4: 0 | AA4: 0 | AB4: 0 | AC4: 0 | AD4: 36 | AE4: 0 | AF4: 0 | AG4: 0 | AH4: 0 | AI4: 0 | AJ4: 0 | AK4: 0 | AL4: 0 | AM4: 0 | AN4: 0 | AO4: 0 | AP4: 0 | AQ4: 0 | AR4: 0 | AS4: 0 | AT4: 0 | AU4: 0 | AV4: 10 | AW4: 30 | AX4: 82 | AY4: 17 | AZ4: 0 | BA4: 87 | BB4: 0 | BC4: 0 | BD4: 250 | BE4: 40 | BF4: 0 | BG4: 0 | BH4: 0 | BI4: 72 | BJ4: 0 | BK4: 0 | BL4: 0 | BM4: 0 | BN4: 0 | BO4: 0 | BP4: 0 | BQ4: 0 | BR4: 0 | BS4: 38 | BT4: 0 | BU4: 0 | BV4: 0 | BW4: 0 | BX4: 0 | BY4: 0 | BZ4: 13 | CA4: 0 | CB4: 0 | CC4: 26 | CD4: 0 | CE4: 0 | CF4: 17 | CG4: 0 | CH4: 47 | CI4: 0 | CJ4: 0 | CK4: 0 | CL4: 0 | CM4: 0 | CN4: 57 | CO4: 0 | CP4: 0 | CQ4: 0 | CR4: 25 | CS4: 5 | CT4: 0 | CU4: 0 | CV4: 0 | CW4: 0 | CX4: 0 | CY4: 0 | CZ4: 33 | DA4: 43 | DB4: 0 | DC4: 0 | DD4: 0 | DE4: 0 | DF4: 0 | DG4: 0 | DH4: 0 | DI4: 0 | DJ4: 0 | DK4: 0 | DL4: 20 | DM4: 0 | DN4: 28 | DO4: 0 | DP4: 0 | DQ4: 0 | DR4: 0 | DS4: 46 | DT4: 0 | DU4: 24 | DV4: 0 | DW4: 0 | DX4: 28 | DY4: 0 | DZ4: 70 | EA4: 0 | EB4: 20 | EC4: 0 | ED4: 0 | EE4: 0 | EF4: 0 | EG4: 0 | EH4: 0 | EI4: 0 | EJ4: 53 | EK4: 0 | EL4: 0 | EM4: 0 | EN4: 0 | EO4: 55 | EP4: 0 | EQ4: 0 | ER4: 0 | ES4: 0 | ET4: 0 | EU4: 0 | EV4: 47 | EW4: 0 | EX4: 38 | EY4: 0 | EZ4: 24 | FA4: 0 | FB4: 0 | FC4: 0 | FD4: 0 | FE4: 0 | FF4: 0 | FG4: 0 | FH4: 352 | FI4: 0 | FJ4: 0 | FK4: 0 | FL4: 0 | FM4: 0 | FN4: 0 | FO4: 16 | FP4: 0 | FQ4: 71 | FR4: 0 | FS4: 23 | FT4: 94 | FU4: 0 | FV4: 0 | FW4: 0 | FX4: 0 | FY4: 35 | FZ4: 78 | GA4: 0 | GB4: 0 | GC4: 0 | GD4: 0 | GE4: 66 | GF4: 0 | GG4: 0 | GH4: 0 | GI4: 0 | GJ4: 0 | GK4: 54 | GL4: 0 | GM4: 0 | GN4: 0 | GO4: 48 | GP4: 0 | GQ4: 0 | GR4: 0
A5: =A4+1 -> 46025 | B5: =TEXT(A5,"DDD") -> Sat | C5: =SUM(D5:GV5) -> 250 | D5: 0 | E5: 0 | F5: 0 | G5: 0 | H5: 0 | I5: 0 | J5: 0 | K5: 0 | L5: 0 | M5: 0 | N5: 0 | O5: 0 | P5: 0 | Q5: 0 | R5: 0 | S5: 0 | T5: 22 | U5: 0 | V5: 0 | W5: 0 | X5: 0 | Y5: 0 | Z5: 0 | AA5: 0 | AB5: 0 | AC5: 0 | AD5: 0 | AE5: 0 | AF5: 0 | AG5: 0 | AH5: 42 | AI5: 0 | AJ5: 0 | AK5: 0 | AL5: 0 | AM5: 0 | AN5: 0 | AO5: 0 | AP5: 0 | AQ5: 0 | AR5: 0 | AS5: 0 | AT5: 0 | AU5: 0 | AV5: 0 | AW5: 0 | AX5: 0 | AY5: 0 | AZ5: 0 | BA5: 0 | BB5: 0 | BC5: 0 | BD5: 0 | BE5: 0 | BF5: 0 | BG5: 0 | BH5: 0 | BI5: 0 | BJ5: 0 | BK5: 0 | BL5: 0 | BM5: 0 | BN5: 0 | BO5: 0 | BP5: 0 | BQ5: 0 | BR5: 0 | BS5: 0 | BT5: 0 | BU5: 0 | BV5: 0 | BW5: 0 | BX5: 0 | BY5: 0 | BZ5: 0 | CA5: 0 | CB5: 0 | CC5: 0 | CD5: 35 | CE5: 0 | CF5: 0 | CG5: 0 | CH5: 0 | CI5: 0 | CJ5: 0 | CK5: 0 | CL5: 0 | CM5: 0 | CN5: 0 | CO5: 0 | CP5: 0 | CQ5: 0 | CR5: 25 | CS5: 10 | CT5: 0 | CU5: 0 | CV5: 0 | CW5: 0 | CX5: 0 | CY5: 0 | CZ5: 0 | DA5: 0 | DB5: 0 | DC5: 0 | DD5: 0 | DE5: 0 | DF5: 0 | DG5: 0 | DH5: 0 | DI5: 0 | DJ5: 0 | DK5: 0 | DL5: 0 | DM5: 0 | DN5: 0 | DO5: 0 | DP5: 0 | DQ5: 0 | DR5: 0 | DS5: 36 | DT5: 0 | DU5: 0 | DV5: 0 | DW5: 0 | DX5: 0 | DY5: 0 | DZ5: 0 | EA5: 0 | EB5: 0 | EC5: 0 | ED5: 0 | EE5: 0 | EF5: 0 | EG5: 0 | EH5: 0 | EI5: 0 | EJ5: 0 | EK5: 0 | EL5: 0 | EM5: 0 | EN5: 0 | EO5: 0 | EP5: 0 | EQ5: 0 | ER5: 0 | ES5: 0 | ET5: 0 | EU5: 0 | EV5: 0 | EW5: 8 | EX5: 0 | EY5: 0 | EZ5: 0 | FA5: 0 | FB5: 0 | FC5: 0 | FD5: 0 | FE5: 0 | FF5: 0 | FG5: 0 | FH5: 72 | FI5: 0 | FJ5: 0 | FK5: 0 | FL5: 0 | FM5: 0 | FN5: 0 | FO5: 0 | FP5: 0 | FQ5: 0 | FR5: 0 | FS5: 0 | FT5: 0 | FU5: 0 | FV5: 0 | FW5: 0 | FX5: 0 | FY5: 0 | FZ5: 0 | GA5: 0 | GB5: 0 | GC5: 0 | GD5: 0 | GE5: 0 | GF5: 0 | GG5: 0 | GH5: 0 | GI5: 0 | GJ5: 0 | GK5: 0 | GL5: 0 | GM5: 0 | GN5: 0 | GO5: 0 | GP5: 0 | GQ5: 0 | GR5: 0
A6: =A5+1 -> 46026 | B6: =TEXT(A6,"DDD") -> Sun | C6: =SUM(D6:GV6) -> 73 | D6: 0 | E6: 0 | F6: 0 | G6: 0 | H6: 0 | I6: 0 | J6: 0 | K6: 0 | L6: 0 | M6: 0 | N6: 0 | O6: 0 | P6: 0 | Q6: 0 | R6: 0 | S6: 0 | T6: 0 | U6: 0 | V6: 0 | W6: 0 | X6: 0 | Y6: 0 | Z6: 0 | AA6: 0 | AB6: 0 | AC6: 0 | AD6: 0 | AE6: 0 | AF6: 0 | AG6: 0 | AH6: 0 | AI6: 0 | AJ6: 0 | AK6: 0 | AL6: 0 | AM6: 0 | AN6: 0 | AO6: 0 | AP6: 0 | AQ6: 0 | AR6: 0 | AS6: 0 | AT6: 0 | AU6: 0 | AV6: 0 | AW6: 0 | AX6: 0 | AY6: 0 | AZ6: 0 | BA6: 0 | BB6: 0 | BC6: 0 | BD6: 0 | BE6: 0 | BF6: 0 | BG6: 0 | BH6: 0 | BI6: 0 | BJ6: 0 | BK6: 0 | BL6: 0 | BM6: 0 | BN6: 0 | BO6: 0 | BP6: 0 | BQ6: 0 | BR6: 0 | BS6: 0 | BT6: 0 | BU6: 0 | BV6: 0 | BW6: 0 | BX6: 0 | BY6: 0 | BZ6: 0 | CA6: 0 | CB6: 0 | CC6: 0 | CD6: 0 | CE6: 0 | CF6: 0 | CG6: 0 | CH6: 9 | CI6: 0 | CJ6: 0 | CK6: 0 | CL6: 0 | CM6: 0 | CN6: 0 | CO6: 0 | CP6: 0 | CQ6: 0 | CR6: 9 | CS6: 6 | CT6: 0 | CU6: 0 | CV6: 0 | CW6: 0 | CX6: 0 | CY6: 0 | CZ6: 0 | DA6: 0 | DB6: 0 | DC6: 0 | DD6: 0 | DE6: 0 | DF6: 0 | DG6: 0 | DH6: 0 | DI6: 0 | DJ6: 0 | DK6: 0 | DL6: 0 | DM6: 0 | DN6: 0 | DO6: 0 | DP6: 0 | DQ6: 0 | DR6: 0 | DS6: 0 | DT6: 0 | DU6: 0 | DV6: 0 | DW6: 0 | DX6: 0 | DY6: 0 | DZ6: 0 | EA6: 0 | EB6: 0 | EC6: 0 | ED6: 0 | EE6: 0 | EF6: 0 | EG6: 0 | EH6: 0 | EI6: 0 | EJ6: 0 | EK6: 0 | EL6: 0 | EM6: 0 | EN6: 0 | EO6: 0 | EP6: 0 | EQ6: 0 | ER6: 0 | ES6: 0 | ET6: 0 | EU6: 0 | EV6: 0 | EW6: 0 | EX6: 0 | EY6: 0 | EZ6: 0 | FA6: 0 | FB6: 0 | FC6: 0 | FD6: 0 | FE6: 0 | FF6: 0 | FG6: 0 | FH6: 17 | FI6: 0 | FJ6: 0 | FK6: 0 | FL6: 0 | FM6: 0 | FN6: 0 | FO6: 0 | FP6: 0 | FQ6: 0 | FR6: 0 | FS6: 0 | FT6: 0 | FU6: 0 | FV6: 0 | FW6: 0 | FX6: 0 | FY6: 0 | FZ6: 0 | GA6: 0 | GB6: 0 | GC6: 0 | GD6: 0 | GE6: 32 | GF6: 0 | GG6: 0 | GH6: 0 | GI6: 0 | GJ6: 0 | GK6: 0 | GL6: 0 | GM6: 0 | GN6: 0 | GO6: 0 | GP6: 0 | GQ6: 0 | GR6: 0
A7: =A6+1 -> 46027 | B7: =TEXT(A7,"DDD") -> Mon | C7: =SUM(D7:GV7) -> 2531 | D7: 0 | E7: 0 | F7: 0 | G7: 0 | H7: 0 | I7: 0 | J7: 0 | K7: 0 | L7: 0 | M7: 0 | N7: 16 | O7: 66 | P7: 0 | Q7: 0 | R7: 0 | S7: 53 | T7: 96 | U7: 17 | V7: 0 | W7: 0 | X7: 0 | Y7: 0 | Z7: 51 | AA7: 0 | AB7: 0 | AC7: 0 | AD7: 74 | AE7: 0 | AF7: 0 | AG7: 0 | AH7: 39 | AI7: 0 | AJ7: 0 | AK7: 0 | AL7: 0 | AM7: 0 | AN7: 0 | AO7: 0 | AP7: 0 | AQ7: 0 | AR7: 0 | AS7: 0 | AT7: 0 | AU7: 27 | AV7: 21 | AW7: 30 | AX7: 31 | AY7: 0 | AZ7: 0 | BA7: 75 | BB7: 0 | BC7: 0 | BD7: 234 | BE7: 23 | BF7: 0 | BG7: 0 | BH7: 0 | BI7: 17 | BJ7: 0 | BK7: 0 | BL7: 0 | BM7: 0 | BN7: 0 | BO7: 0 | BP7: 0 | BQ7: 0 | BR7: 0 | BS7: 46 | BT7: 0 | BU7: 0 | BV7: 0 | BW7: 0 | BX7: 0 | BY7: 0 | BZ7: 0 | CA7: 0 | CB7: 0 | CC7: 17 | CD7: 204 | CE7: 0 | CF7: 21 | CG7: 0 | CH7: 18 | CI7: 0 | CJ7: 0 | CK7: 0 | CL7: 0 | CM7: 0 | CN7: 0 | CO7: 0 | CP7: 0 | CQ7: 0 | CR7: 0 | CS7: 5 | CT7: 22 | CU7: 0 | CV7: 0 | CW7: 0 | CX7: 0 | CY7: 0 | CZ7: 30 | DA7: 33 | DB7: 0 | DC7: 0 | DD7: 0 | DE7: 0 | DF7: 0 | DG7: 0 | DH7: 0 | DI7: 0 | DJ7: 0 | DK7: 0 | DL7: 2 | DM7: 0 | DN7: 75 | DO7: 0 | DP7: 0 | DQ7: 0 | DR7: 0 | DS7: 83 | DT7: 0 | DU7: 21 | DV7: 0 | DW7: 0 | DX7: 29 | DY7: 49 | DZ7: 135 | EA7: 0 | EB7: 24 | EC7: 0 | ED7: 0 | EE7: 0 | EF7: 0 | EG7: 0 | EH7: 0 | EI7: 0 | EJ7: 38 | EK7: 0 | EL7: 0 | EM7: 0 | EN7: 0 | EO7: 40 | EP7: 0 | EQ7: 0 | ER7: 0 | ES7: 0 | ET7: 0 | EU7: 18 | EV7: 12 | EW7: 36 | EX7: 26 | EY7: 0 | EZ7: 5 | FA7: 0 | FB7: 0 | FC7: 0 | FD7: 20 | FE7: 0 | FF7: 0 | FG7: 0 | FH7: 213 | FI7: 0 | FJ7: 0 | FK7: 0 | FL7: 0 | FM7: 0 | FN7: 0 | FO7: 40 | FP7: 0 | FQ7: 55 | FR7: 0 | FS7: 42 | FT7: 32 | FU7: 0 | FV7: 0 | FW7: 0 | FX7: 0 | FY7: 35 | FZ7: 25 | GA7: 0 | GB7: 0 | GC7: 0 | GD7: 0 | GE7: 41 | GF7: 0 | GG7: 0 | GH7: 0 | GI7: 31 | GJ7: 0 | GK7: 41 | GL7: 66 | GM7: 0 | GN7: 0 | GO7: 31 | GP7: 0 | GQ7: 0 | GR7: 0
A8: =A7+1 -> 46028 | B8: =TEXT(A8,"DDD") -> Tue | C8: =SUM(D8:GV8) -> 2614 | D8: 0 | E8: 27 | F8: 0 | G8: 0 | H8: 0 | I8: 0 | J8: 0 | K8: 0 | L8: 0 | M8: 0 | N8: 12 | O8: 76 | P8: 0 | Q8: 0 | R8: 0 | S8: 53 | T8: 154 | U8: 16 | V8: 0 | W8: 0 | X8: 0 | Y8: 0 | Z8: 0 | AA8: 0 | AB8: 0 | AC8: 0 | AD8: 84 | AE8: 0 | AF8: 0 | AG8: 0 | AH8: 0 | AI8: 0 | AJ8: 0 | AK8: 11 | AL8: 0 | AM8: 0 | AN8: 0 | AO8: 33 | AP8: 0 | AQ8: 0 | AR8: 0 | AS8: 0 | AT8: 0 | AU8: 35 | AV8: 0 | AW8: 42 | AX8: 69 | AY8: 26 | AZ8: 0 | BA8: 69 | BB8: 0 | BC8: 0 | BD8: 92 | BE8: 0 | BF8: 0 | BG8: 0 | BH8: 0 | BI8: 23 | BJ8: 0 | BK8: 0 | BL8: 0 | BM8: 0 | BN8: 0 | BO8: 0 | BP8: 0 | BQ8: 0 | BR8: 0 | BS8: 10 | BT8: 0 | BU8: 0 | BV8: 0 | BW8: 0 | BX8: 0 | BY8: 0 | BZ8: 0 | CA8: 0 | CB8: 0 | CC8: 32 | CD8: 171 | CE8: 0 | CF8: 14 | CG8: 0 | CH8: 19 | CI8: 0 | CJ8: 0 | CK8: 0 | CL8: 0 | CM8: 0 | CN8: 27 | CO8: 0 | CP8: 0 | CQ8: 0 | CR8: 2 | CS8: 6 | CT8: 10 | CU8: 0 | CV8: 0 | CW8: 0 | CX8: 0 | CY8: 0 | CZ8: 40 | DA8: 34 | DB8: 0 | DC8: 0 | DD8: 23 | DE8: 0 | DF8: 0 | DG8: 0 | DH8: 0 | DI8: 0 | DJ8: 0 | DK8: 51 | DL8: 25 | DM8: 0 | DN8: 108 | DO8: 0 | DP8: 0 | DQ8: 0 | DR8: 0 | DS8: 20 | DT8: 0 | DU8: 28 | DV8: 0 | DW8: 0 | DX8: 30 | DY8: 47 | DZ8: 79 | EA8: 0 | EB8: 28 | EC8: 0 | ED8: 0 | EE8: 0 | EF8: 0 | EG8: 0 | EH8: 12 | EI8: 0 | EJ8: 41 | EK8: 0 | EL8: 0 | EM8: 0 | EN8: 0 | EO8: 48 | EP8: 0 | EQ8: 0 | ER8: 0 | ES8: 0 | ET8: 0 | EU8: 14 | EV8: 21 | EW8: 0 | EX8: 42 | EY8: 0 | EZ8: 17 | FA8: 0 | FB8: 15 | FC8: 0 | FD8: 16 | FE8: 0 | FF8: 0 | FG8: 0 | FH8: 165 | FI8: 0 | FJ8: 0 | FK8: 0 | FL8: 0 | FM8: 0 | FN8: 0 | FO8: 40 | FP8: 0 | FQ8: 83 | FR8: 0 | FS8: 70 | FT8: 35 | FU8: 0 | FV8: 0 | FW8: 0 | FX8: 0 | FY8: 15 | FZ8: 45 | GA8: 0 | GB8: 0 | GC8: 0 | GD8: 0 | GE8: 78 | GF8: 0 | GG8: 0 | GH8: 0 | GI8: 0 | GJ8: 0 | GK8: 85 | GL8: 81 | GM8: 0 | GN8: 0 | GO8: 65 | GP8: 0 | GQ8: 0 | GR8: 0
A9: =A8+1 -> 46029 | B9: =TEXT(A9,"DDD") -> Wed | C9: =SUM(D9:GV9) -> 2604 | D9: 0 | E9: 0 | F9: 0 | G9: 0 | H9: 0 | I9: 0 | J9: 0 | K9: 0 | L9: 0 | M9: 0 | N9: 50 | O9: 71 | P9: 0 | Q9: 0 | R9: 0 | S9: 58 | T9: 157 | U9: 12 | V9: 0 | W9: 0 | X9: 0 | Y9: 0 | Z9: 57 | AA9: 0 | AB9: 0 | AC9: 0 | AD9: 44 | AE9: 0 | AF9: 0 | AG9: 0 | AH9: 0 | AI9: 0 | AJ9: 0 | AK9: 10 | AL9: 0 | AM9: 0 | AN9: 0 | AO9: 0 | AP9: 0 | AQ9: 0 | AR9: 0 | AS9: 0 | AT9: 0 | AU9: 36 | AV9: 32 | AW9: 45 | AX9: 53 | AY9: 11 | AZ9: 0 | BA9: 79 | BB9: 0 | BC9: 0 | BD9: 70 | BE9: 38 | BF9: 0 | BG9: 0 | BH9: 16 | BI9: 41 | BJ9: 0 | BK9: 0 | BL9: 0 | BM9: 0 | BN9: 0 | BO9: 0 | BP9: 0 | BQ9: 0 | BR9: 0 | BS9: 0 | BT9: 0 | BU9: 0 | BV9: 0 | BW9: 0 | BX9: 0 | BY9: 0 | BZ9: 0 | CA9: 0 | CB9: 0 | CC9: 29 | CD9: 155 | CE9: 0 | CF9: 13 | CG9: 0 | CH9: 50 | CI9: 0 | CJ9: 0 | CK9: 0 | CL9: 0 | CM9: 0 | CN9: 29 | CO9: 0 | CP9: 0 | CQ9: 0 | CR9: 0 | CS9: 8 | CT9: 30 | CU9: 0 | CV9: 0 | CW9: 0 | CX9: 0 | CY9: 0 | CZ9: 48 | DA9: 32 | DB9: 0 | DC9: 0 | DD9: 30 | DE9: 0 | DF9: 0 | DG9: 0 | DH9: 0 | DI9: 0 | DJ9: 0 | DK9: 0 | DL9: 11 | DM9: 0 | DN9: 69 | DO9: 9 | DP9: 1 | DQ9: 0 | DR9: 0 | DS9: 31 | DT9: 0 | DU9: 22 | DV9: 0 | DW9: 0 | DX9: 23 | DY9: 52 | DZ9: 43 | EA9: 0 | EB9: 31 | EC9: 0 | ED9: 0 | EE9: 0 | EF9: 0 | EG9: 0 | EH9: 2 | EI9: 0 | EJ9: 43 | EK9: 24 | EL9: 0 | EM9: 0 | EN9: 0 | EO9: 39 | EP9: 0 | EQ9: 0 | ER9: 0 | ES9: 0 | ET9: 0 | EU9: 84 | EV9: 75 | EW9: 42 | EX9: 17 | EY9: 15 | EZ9: 21 | FA9: 0 | FB9: 20 | FC9: 0 | FD9: 15 | FE9: 0 | FF9: 0 | FG9: 0 | FH9: 109 | FI9: 0 | FJ9: 0 | FK9: 0 | FL9: 0 | FM9: 0 | FN9: 0 | FO9: 54 | FP9: 0 | FQ9: 81 | FR9: 0 | FS9: 71 | FT9: 36 | FU9: 0 | FV9: 0 | FW9: 0 | FX9: 0 | FY9: 0 | FZ9: 46 | GA9: 0 | GB9: 0 | GC9: 0 | GD9: 0 | GE9: 55 | GF9: 0 | GG9: 0 | GH9: 0 | GI9: 0 | GJ9: 0 | GK9: 80 | GL9: 30 | GM9: 0 | GN9: 0 | GO9: 49 | GP9: 0 | GQ9: 0 | GR9: 0
A10: =A9+1 -> 46030 | B10: =TEXT(A10,"DDD") -> Thu | C10: =SUM(D10:GV10) -> 2695 | D10: 0 | E10: 16 | F10: 0 | G10: 0 | H10: 0 | I10: 0 | J10: 0 | K10: 0 | L10: 0 | M10: 0 | N10: 56 | O10: 60 | P10: 0 | Q10: 0 | R10: 0 | S10: 59 | T10: 149 | U10: 24 | V10: 0 | W10: 0 | X10: 0 | Y10: 0 | Z10: 53 | AA10: 0 | AB10: 0 | AC10: 0 | AD10: 54 | AE10: 0 | AF10: 0 | AG10: 0 | AH10: 0 | AI10: 0 | AJ10: 0 | AK10: 15 | AL10: 0 | AM10: 0 | AN10: 0 | AO10: 0 | AP10: 0 | AQ10: 0 | AR10: 0 | AS10: 0 | AT10: 0 | AU10: 29 | AV10: 0 | AW10: 45 | AX10: 72 | AY10: 4 | AZ10: 0 | BA10: 63 | BB10: 0 | BC10: 0 | BD10: 83 | BE10: 29 | BF10: 0 | BG10: 0 | BH10: 11 | BI10: 37 | BJ10: 0 | BK10: 0 | BL10: 0 | BM10: 0 | BN10: 0 | BO10: 0 | BP10: 0 | BQ10: 0 | BR10: 0 | BS10: 10 | BT10: 0 | BU10: 0 | BV10: 0 | BW10: 0 | BX10: 0 | BY10: 0 | BZ10: 0 | CA10: 0 | CB10: 0 | CC10: 32 | CD10: 307 | CE10: 0 | CF10: 7 | CG10: 0 | CH10: 57 | CI10: 0 | CJ10: 0 | CK10: 0 | CL10: 0 | CM10: 0 | CN10: 47 | CO10: 0 | CP10: 0 | CQ10: 0 | CR10: 0 | CS10: 2 | CT10: 30 | CU10: 0 | CV10: 0 | CW10: 0 | CX10: 0 | CY10: 0 | CZ10: 5 | DA10: 52 | DB10: 0 | DC10: 0 | DD10: 40 | DE10: 0 | DF10: 0 | DG10: 0 | DH10: 0 | DI10: 0 | DJ10: 0 | DK10: 4 | DL10: 16 | DM10: 0 | DN10: 103 | DO10: 7 | DP10: 8 | DQ10: 0 | DR10: 0 | DS10: 42 | DT10: 0 | DU10: 22 | DV10: 0 | DW10: 0 | DX10: 22 | DY10: 46 | DZ10: 0 | EA10: 0 | EB10: 36 | EC10: 0 | ED10: 0 | EE10: 0 | EF10: 0 | EG10: 0 | EH10: 0 | EI10: 0 | EJ10: 33 | EK10: 10 | EL10: 0 | EM10: 0 | EN10: 0 | EO10: 27 | EP10: 0 | EQ10: 0 | ER10: 0 | ES10: 0 | ET10: 0 | EU10: 56 | EV10: 64 | EW10: 20 | EX10: 31 | EY10: 29 | EZ10: 6 | FA10: 0 | FB10: 7 | FC10: 0 | FD10: 20 | FE10: 0 | FF10: 0 | FG10: 0 | FH10: 131 | FI10: 0 | FJ10: 0 | FK10: 0 | FL10: 0 | FM10: 0 | FN10: 0 | FO10: 46 | FP10: 0 | FQ10: 102 | FR10: 0 | FS10: 17 | FT10: 19 | FU10: 0 | FV10: 0 | FW10: 0 | FX10: 0 | FY10: 0 | FZ10: 37 | GA10: 0 | GB10: 0 | GC10: 0 | GD10: 0 | GE10: 58 | GF10: 0 | GG10: 0 | GH10: 0 | GI10: 21 | GJ10: 0 | GK10: 75 | GL10: 68 | GM10: 0 | GN10: 0 | GO10: 64 | GP10: 0 | GQ10: 0 | GR10: 0
A11: =A10+1 -> 46031 | B11: =TEXT(A11,"DDD") -> Fri | C11: =SUM(D11:GV11) -> 2734 | D11: 0 | E11: 0 | F11: 0 | G11: 0 | H11: 0 | I11: 0 | J11: 0 | K11: 0 | L11: 0 | M11: 0 | N11: 69 | O11: 75 | P11: 0 | Q11: 0 | R11: 0 | S11: 56 | T11: 144 | U11: 6 | V11: 0 | W11: 0 | X11: 0 | Y11: 0 | Z11: 51 | AA11: 0 | AB11: 0 | AC11: 0 | AD11: 51 | AE11: 0 | AF11: 0 | AG11: 0 | AH11: 0 | AI11: 0 | AJ11: 0 | AK11: 0 | AL11: 0 | AM11: 0 | AN11: 0 | AO11: 0 | AP11: 0 | AQ11: 0 | AR11: 0 | AS11: 0 | AT11: 0 | AU11: 44 | AV11: 9 | AW11: 42 | AX11: 49 | AY11: 0 | AZ11: 0 | BA11: 60 | BB11: 0 | BC11: 0 | BD11: 95 | BE11: 17 | BF11: 0 | BG11: 0 | BH11: 25 | BI11: 52 | BJ11: 0 | BK11: 0 | BL11: 0 | BM11: 0 | BN11: 0 | BO11: 0 | BP11: 0 | BQ11: 0 | BR11: 0 | BS11: 15 | BT11: 0 | BU11: 0 | BV11: 0 | BW11: 0 | BX11: 0 | BY11: 0 | BZ11: 0 | CA11: 0 | CB11: 0 | CC11: 41 | CD11: 251 | CE11: 0 | CF11: 0 | CG11: 0 | CH11: 39 | CI11: 0 | CJ11: 0 | CK11: 0 | CL11: 0 | CM11: 0 | CN11: 41 | CO11: 0 | CP11: 0 | CQ11: 0 | CR11: 0 | CS11: 2 | CT11: 25 | CU11: 0 | CV11: 0 | CW11: 0 | CX11: 0 | CY11: 0 | CZ11: 0 | DA11: 58 | DB11: 0 | DC11: 0 | DD11: 30 | DE11: 0 | DF11: 0 | DG11: 0 | DH11: 0 | DI11: 0 | DJ11: 0 | DK11: 0 | DL11: 8 | DM11: 0 | DN11: 55 | DO11: 14 | DP11: 6 | DQ11: 0 | DR11: 0 | DS11: 32 | DT11: 0 | DU11: 0 | DV11: 0 | DW11: 0 | DX11: 34 | DY11: 60 | DZ11: 12 | EA11: 0 | EB11: 45 | EC11: 0 | ED11: 0 | EE11: 0 | EF11: 0 | EG11: 0 | EH11: 0 | EI11: 0 | EJ11: 29 | EK11: 34 | EL11: 0 | EM11: 0 | EN11: 0 | EO11: 43 | EP11: 0 | EQ11: 0 | ER11: 0 | ES11: 0 | ET11: 0 | EU11: 62 | EV11: 49 | EW11: 47 | EX11: 36 | EY11: 0 | EZ11: 17 | FA11: 0 | FB11: 0 | FC11: 0 | FD11: 0 | FE11: 0 | FF11: 0 | FG11: 0 | FH11: 251 | FI11: 0 | FJ11: 0 | FK11: 0 | FL11: 0 | FM11: 0 | FN11: 0 | FO11: 0 | FP11: 0 | FQ11: 116 | FR11: 0 | FS11: 50 | FT11: 61 | FU11: 0 | FV11: 0 | FW11: 0 | FX11: 0 | FY11: 0 | FZ11: 73 | GA11: 0 | GB11: 0 | GC11: 0 | GD11: 0 | GE11: 84 | GF11: 15 | GG11: 0 | GH11: 0 | GI11: 11 | GJ11: 0 | GK11: 60 | GL11: 37 | GM11: 0 | GN11: 0 | GO11: 46 | GP11: 0 | GQ11: 0 | GR11: 0
A12: =A11+1 -> 46032 | B12: =TEXT(A12,"DDD") -> Sat | C12: =SUM(D12:GV12) -> 207 | D12: 0 | E12: 0 | F12: 0 | G12: 0 | H12: 0 | I12: 0 | J12: 0 | K12: 0 | L12: 0 | M12: 0 | N12: 0 | O12: 0 | P12: 0 | Q12: 0 | R12: 0 | S12: 0 | T12: 51 | U12: 0 | V12: 0 | W12: 0 | X12: 0 | Y12: 0 | Z12: 7 | AA12: 0 | AB12: 0 | AC12: 0 | AD12: 0 | AE12: 0 | AF12: 0 | AG12: 0 | AH12: 0 | AI12: 0 | AJ12: 0 | AK12: 0 | AL12: 0 | AM12: 0 | AN12: 0 | AO12: 0 | AP12: 0 | AQ12: 0 | AR12: 0 | AS12: 0 | AT12: 0 | AU12: 0 | AV12: 0 | AW12: 0 | AX12: 12 | AY12: 0 | AZ12: 0 | BA12: 0 | BB12: 0 | BC12: 0 | BD12: 0 | BE12: 0 | BF12: 0 | BG12: 0 | BH12: 0 | BI12: 0 | BJ12: 0 | BK12: 0 | BL12: 0 | BM12: 0 | BN12: 0 | BO12: 0 | BP12: 0 | BQ12: 0 | BR12: 0 | BS12: 0 | BT12: 0 | BU12: 0 | BV12: 0 | BW12: 0 | BX12: 0 | BY12: 0 | BZ12: 0 | CA12: 0 | CB12: 0 | CC12: 0 | CD12: 24 | CE12: 0 | CF12: 0 | CG12: 0 | CH12: 0 | CI12: 0 | CJ12: 0 | CK12: 0 | CL12: 0 | CM12: 0 | CN12: 0 | CO12: 0 | CP12: 0 | CQ12: 0 | CR12: 0 | CS12: 0 | CT12: 0 | CU12: 0 | CV12: 0 | CW12: 0 | CX12: 0 | CY12: 0 | CZ12: 0 | DA12: 0 | DB12: 0 | DC12: 0 | DD12: 0 | DE12: 0 | DF12: 0 | DG12: 0 | DH12: 0 | DI12: 0 | DJ12: 0 | DK12: 0 | DL12: 0 | DM12: 0 | DN12: 0 | DO12: 0 | DP12: 0 | DQ12: 0 | DR12: 0 | DS12: 0 | DT12: 0 | DU12: 7 | DV12: 0 | DW12: 0 | DX12: 0 | DY12: 0 | DZ12: 0 | EA12: 0 | EB12: 0 | EC12: 0 | ED12: 0 | EE12: 0 | EF12: 0 | EG12: 0 | EH12: 0 | EI12: 0 | EJ12: 0 | EK12: 0 | EL12: 0 | EM12: 0 | EN12: 0 | EO12: 0 | EP12: 0 | EQ12: 0 | ER12: 0 | ES12: 0 | ET12: 0 | EU12: 0 | EV12: 0 | EW12: 0 | EX12: 0 | EY12: 0 | EZ12: 0 | FA12: 0 | FB12: 0 | FC12: 0 | FD12: 0 | FE12: 0 | FF12: 0 | FG12: 0 | FH12: 0 | FI12: 0 | FJ12: 0 | FK12: 0 | FL12: 0 | FM12: 0 | FN12: 0 | FO12: 0 | FP12: 0 | FQ12: 66 | FR12: 0 | FS12: 0 | FT12: 0 | FU12: 0 | FV12: 0 | FW12: 0 | FX12: 0 | FY12: 0 | FZ12: 0 | GA12: 0 | GB12: 0 | GC12: 0 | GD12: 0 | GE12: 40 | GF12: 0 | GG12: 0 | GH12: 0 | GI12: 0 | GJ12: 0 | GK12: 0 | GL12: 0 | GM12: 0 | GN12: 0 | GO12: 0 | GP12: 0 | GQ12: 0 | GR12: 0
A13: =A12+1 -> 46033 | B13: =TEXT(A13,"DDD") -> Sun | C13: =SUM(D13:GV13) -> 156 | D13: 0 | E13: 0 | F13: 0 | G13: 0 | H13: 0 | I13: 0 | J13: 0 | K13: 0 | L13: 0 | M13: 0 | N13: 0 | O13: 0 | P13: 0 | Q13: 0 | R13: 0 | S13: 0 | T13: 0 | U13: 0 | V13: 0 | W13: 0 | X13: 0 | Y13: 0 | Z13: 6 | AA13: 0 | AB13: 0 | AC13: 0 | AD13: 0 | AE13: 0 | AF13: 0 | AG13: 0 | AH13: 0 | AI13: 0 | AJ13: 0 | AK13: 0 | AL13: 0 | AM13: 0 | AN13: 0 | AO13: 0 | AP13: 0 | AQ13: 0 | AR13: 0 | AS13: 0 | AT13: 0 | AU13: 0 | AV13: 0 | AW13: 0 | AX13: 0 | AY13: 0 | AZ13: 0 | BA13: 0 | BB13: 0 | BC13: 0 | BD13: 0 | BE13: 0 | BF13: 0 | BG13: 0 | BH13: 0 | BI13: 0 | BJ13: 0 | BK13: 0 | BL13: 0 | BM13: 0 | BN13: 0 | BO13: 0 | BP13: 0 | BQ13: 0 | BR13: 0 | BS13: 0 | BT13: 0 | BU13: 0 | BV13: 0 | BW13: 0 | BX13: 0 | BY13: 0 | BZ13: 0 | CA13: 0 | CB13: 0 | CC13: 0 | CD13: 0 | CE13: 0 | CF13: 0 | CG13: 0 | CH13: 11 | CI13: 0 | CJ13: 0 | CK13: 0 | CL13: 0 | CM13: 0 | CN13: 0 | CO13: 0 | CP13: 0 | CQ13: 0 | CR13: 0 | CS13: 0 | CT13: 0 | CU13: 0 | CV13: 0 | CW13: 0 | CX13: 0 | CY13: 0 | CZ13: 0 | DA13: 0 | DB13: 0 | DC13: 0 | DD13: 0 | DE13: 0 | DF13: 0 | DG13: 0 | DH13: 0 | DI13: 0 | DJ13: 0 | DK13: 0 | DL13: 0 | DM13: 0 | DN13: 0 | DO13: 0 | DP13: 0 | DQ13: 0 | DR13: 0 | DS13: 0 | DT13: 0 | DU13: 0 | DV13: 0 | DW13: 0 | DX13: 0 | DY13: 0 | DZ13: 0 | EA13: 0 | EB13: 0 | EC13: 0 | ED13: 0 | EE13: 0 | EF13: 0 | EG13: 0 | EH13: 0 | EI13: 0 | EJ13: 0 | EK13: 0 | EL13: 0 | EM13: 0 | EN13: 0 | EO13: 0 | EP13: 0 | EQ13: 0 | ER13: 0 | ES13: 0 | ET13: 0 | EU13: 13 | EV13: 0 | EW13: 0 | EX13: 0 | EY13: 0 | EZ13: 0 | FA13: 0 | FB13: 0 | FC13: 0 | FD13: 0 | FE13: 0 | FF13: 0 | FG13: 0 | FH13: 124 | FI13: 0 | FJ13: 0 | FK13: 0 | FL13: 0 | FM13: 0 | FN13: 0 | FO13: 0 | FP13: 0 | FQ13: 1 | FR13: 0 | FS13: 0 | FT13: 0 | FU13: 0 | FV13: 0 | FW13: 0 | FX13: 0 | FY13: 0 | FZ13: 0 | GA13: 0 | GB13: 0 | GC13: 0 | GD13: 0 | GE13: 1 | GF13: 0 | GG13: 0 | GH13: 0 | GI13: 0 | GJ13: 0 | GK13: 0 | GL13: 0 | GM13: 0 | GN13: 0 | GO13: 0 | GP13: 0 | GQ13: 0 | GR13: 0
A14: =A13+1 -> 46034 | B14: =TEXT(A14,"DDD") -> Mon | C14: =SUM(D14:GV14) -> 2864 | D14: 0 | E14: 29 | F14: 0 | G14: 0 | H14: 0 | I14: 0 | J14: 0 | K14: 0 | L14: 0 | M14: 0 | N14: 30 | O14: 65 | P14: 0 | Q14: 0 | R14: 0 | S14: 55 | T14: 128 | U14: 28 | V14: 0 | W14: 0 | X14: 0 | Y14: 0 | Z14: 74 | AA14: 0 | AB14: 0 | AC14: 0 | AD14: 74 | AE14: 0 | AF14: 0 | AG14: 0 | AH14: 0 | AI14: 0 | AJ14: 0 | AK14: 23 | AL14: 0 | AM14: 0 | AN14: 0 | AO14: 0 | AP14: 0 | AQ14: 0 | AR14: 0 | AS14: 0 | AT14: 0 | AU14: 0 | AV14: 0 | AW14: 45 | AX14: 59 | AY14: 0 | AZ14: 0 | BA14: 94 | BB14: 0 | BC14: 0 | BD14: 89 | BE14: 33 | BF14: 0 | BG14: 0 | BH14: 17 | BI14: 44 | BJ14: 0 | BK14: 0 | BL14: 0 | BM14: 0 | BN14: 0 | BO14: 0 | BP14: 0 | BQ14: 0 | BR14: 0 | BS14: 30 | BT14: 0 | BU14: 0 | BV14: 0 | BW14: 0 | BX14: 0 | BY14: 0 | BZ14: 0 | CA14: 0 | CB14: 0 | CC14: 29 | CD14: 192 | CE14: 0 | CF14: 18 | CG14: 0 | CH14: 56 | CI14: 0 | CJ14: 0 | CK14: 0 | CL14: 0 | CM14: 0 | CN14: 54 | CO14: 0 | CP14: 0 | CQ14: 0 | CR14: 0 | CS14: 20 | CT14: 23 | CU14: 0 | CV14: 0 | CW14: 0 | CX14: 0 | CY14: 0 | CZ14: 11 | DA14: 52 | DB14: 0 | DC14: 0 | DD14: 74 | DE14: 0 | DF14: 0 | DG14: 0 | DH14: 0 | DI14: 0 | DJ14: 0 | DK14: 0 | DL14: 19 | DM14: 0 | DN14: 67 | DO14: 21 | DP14: 0 | DQ14: 0 | DR14: 0 | DS14: 30 | DT14: 0 | DU14: 33 | DV14: 0 | DW14: 0 | DX14: 45 | DY14: 78 | DZ14: 0 | EA14: 0 | EB14: 50 | EC14: 0 | ED14: 0 | EE14: 0 | EF14: 0 | EG14: 0 | EH14: 12 | EI14: 0 | EJ14: 40 | EK14: 38 | EL14: 0 | EM14: 0 | EN14: 0 | EO14: 47 | EP14: 0 | EQ14: 0 | ER14: 10 | ES14: 0 | ET14: 0 | EU14: 43 | EV14: 57 | EW14: 15 | EX14: 34 | EY14: 46 | EZ14: 19 | FA14: 0 | FB14: 10 | FC14: 0 | FD14: 18 | FE14: 0 | FF14: 0 | FG14: 0 | FH14: 126 | FI14: 0 | FJ14: 0 | FK14: 0 | FL14: 0 | FM14: 0 | FN14: 0 | FO14: 49 | FP14: 0 | FQ14: 58 | FR14: 0 | FS14: 58 | FT14: 47 | FU14: 0 | FV14: 0 | FW14: 0 | FX14: 0 | FY14: 16 | FZ14: 49 | GA14: 0 | GB14: 0 | GC14: 0 | GD14: 0 | GE14: 45 | GF14: 64 | GG14: 0 | GH14: 0 | GI14: 0 | GJ14: 0 | GK14: 72 | GL14: 72 | GM14: 0 | GN14: 0 | GO14: 30 | GP14: 0 | GQ14: 0 | GR14: 0
A15: =A14+1 -> 46035 | B15: =TEXT(A15,"DDD") -> Tue | C15: =SUM(D15:GV15) -> 2308 | D15: 0 | E15: 6 | F15: 0 | G15: 0 | H15: 0 | I15: 0 | J15: 0 | K15: 0 | L15: 0 | M15: 0 | N15: 19 | O15: 64 | P15: 0 | Q15: 0 | R15: 0 | S15: 57 | T15: 118 | U15: 10 | V15: 0 | W15: 0 | X15: 0 | Y15: 0 | Z15: 72 | AA15: 0 | AB15: 0 | AC15: 0 | AD15: 78 | AE15: 0 | AF15: 0 | AG15: 0 | AH15: 0 | AI15: 0 | AJ15: 0 | AK15: 2 | AL15: 0 | AM15: 0 | AN15: 0 | AO15: 0 | AP15: 0 | AQ15: 0 | AR15: 0 | AS15: 0 | AT15: 0 | AU15: 0 | AV15: 0 | AW15: 33 | AX15: 56 | AY15: 0 | AZ15: 0 | BA15: 75 | BB15: 0 | BC15: 0 | BD15: 78 | BE15: 33 | BF15: 0 | BG15: 0 | BH15: 15 | BI15: 47 | BJ15: 0 | BK15: 0 | BL15: 0 | BM15: 0 | BN15: 0 | BO15: 0 | BP15: 0 | BQ15: 0 | BR15: 0 | BS15: 33 | BT15: 0 | BU15: 0 | BV15: 0 | BW15: 0 | BX15: 0 | BY15: 0 | BZ15: 0 | CA15: 0 | CB15: 0 | CC15: 0 | CD15: 36 | CE15: 0 | CF15: 2 | CG15: 0 | CH15: 53 | CI15: 0 | CJ15: 0 | CK15: 0 | CL15: 0 | CM15: 0 | CN15: 16 | CO15: 0 | CP15: 0 | CQ15: 0 | CR15: 0 | CS15: 9 | CT15: 24 | CU15: 0 | CV15: 0 | CW15: 0 | CX15: 0 | CY15: 10 | CZ15: 32 | DA15: 25 | DB15: 0 | DC15: 0 | DD15: 35 | DE15: 0 | DF15: 0 | DG15: 0 | DH15: 0 | DI15: 0 | DJ15: 0 | DK15: 0 | DL15: 11 | DM15: 0 | DN15: 52 | DO15: 21 | DP15: 0 | DQ15: 0 | DR15: 0 | DS15: 32 | DT15: 0 | DU15: 10 | DV15: 0 | DW15: 0 | DX15: 20 | DY15: 46 | DZ15: 48 | EA15: 0 | EB15: 30 | EC15: 0 | ED15: 0 | EE15: 0 | EF15: 0 | EG15: 0 | EH15: 0 | EI15: 0 | EJ15: 24 | EK15: 60 | EL15: 0 | EM15: 0 | EN15: 0 | EO15: 40 | EP15: 0 | EQ15: 0 | ER15: 0 | ES15: 0 | ET15: 0 | EU15: 36 | EV15: 92 | EW15: 26 | EX15: 29 | EY15: 41 | EZ15: 21 | FA15: 0 | FB15: 0 | FC15: 0 | FD15: 9 | FE15: 0 | FF15: 0 | FG15: 0 | FH15: 80 | FI15: 0 | FJ15: 0 | FK15: 0 | FL15: 0 | FM15: 0 | FN15: 0 | FO15: 49 | FP15: 0 | FQ15: 39 | FR15: 0 | FS15: 57 | FT15: 30 | FU15: 0 | FV15: 0 | FW15: 0 | FX15: 0 | FY15: 26 | FZ15: 29 | GA15: 0 | GB15: 0 | GC15: 0 | GD15: 0 | GE15: 78 | GF15: 36 | GG15: 0 | GH15: 0 | GI15: 0 | GJ15: 0 | GK15: 84 | GL15: 60 | GM15: 0 | GN15: 0 | GO15: 54 | GP15: 0 | GQ15: 0 | GR15: 0
... A33: =A32+1 -> 46053 | B33: =TEXT(A33,"DDD") -> Sat | C33: =SUM(D33:GV33) -> 3 | D33: 0 | E33: 0 | F33: 0 | G33: 0 | H33: 0 | I33: 0 | J33: 0 | K33: 0 | L33: 0 | M33: 0 | N33: 0 | O33: 0 | P33: 0 | Q33: 0 | R33: 0 | S33: 0 | T33: 0 | U33: 0 | V33: 0 | W33: 0 | X33: 0 | Y33: 0 | Z33: 0 | AA33: 0 | AB33: 0 | AC33: 0 | AD33: 0 | AE33: 0 | AF33: 0 | AG33: 0 | AH33: 0 | AI33: 0 | AJ33: 0 | AK33: 0 | AL33: 0 | AM33: 0 | AN33: 0 | AO33: 0 | AP33: 0 | AQ33: 0 | AR33: 0 | AS33: 0 | AT33: 0 | AU33: 0 | AV33: 0 | AW33: 0 | AX33: 0 | AY33: 0 | AZ33: 0 | BA33: 0 | BB33: 0 | BC33: 0 | BD33: 0 | BE33: 0 | BF33: 0 | BG33: 0 | BH33: 0 | BI33: 0 | BJ33: 0 | BK33: 0 | BL33: 0 | BM33: 0 | BN33: 0 | BO33: 0 | BP33: 0 | BQ33: 0 | BR33: 0 | BS33: 0 | BT33: 0 | BU33: 0 | BV33: 0 | BW33: 0 | BX33: 0 | BY33: 0 | BZ33: 0 | CA33: 0 | CB33: 0 | CC33: 0 | CD33: 0 | CE33: 0 | CF33: 0 | CG33: 0 | CH33: 0 | CI33: 0 | CJ33: 0 | CK33: 0 | CL33: 0 | CM33: 0 | CN33: 0 | CO33: 0 | CP33: 0 | CQ33: 0 | CR33: 0 | CS33: 0 | CT33: 0 | CU33: 0 | CV33: 0 | CW33: 0 | CX33: 0 | CY33: 0 | CZ33: 0 | DA33: 0 | DB33: 0 | DC33: 0 | DD33: 0 | DE33: 0 | DF33: 0 | DG33: 0 | DH33: 0 | DI33: 0 | DJ33: 0 | DK33: 0 | DL33: 0 | DM33: 0 | DN33: 3 | DO33: 0 | DP33: 0 | DQ33: 0 | DR33: 0 | DS33: 0 | DT33: 0 | DU33: 0 | DV33: 0 | DW33: 0 | DX33: 0 | DY33: 0 | DZ33: 0 | EA33: 0 | EB33: 0 | EC33: 0 | ED33: 0 | EE33: 0 | EF33: 0 | EG33: 0 | EH33: 0 | EI33: 0 | EJ33: 0 | EK33: 0 | EL33: 0 | EM33: 0 | EN33: 0 | EO33: 0 | EP33: 0 | EQ33: 0 | ER33: 0 | ES33: 0 | ET33: 0 | EU33: 0 | EV33: 0 | EW33: 0 | EX33: 0 | EY33: 0 | EZ33: 0 | FA33: 0 | FB33: 0 | FC33: 0 | FD33: 0 | FE33: 0 | FF33: 0 | FG33: 0 | FH33: 0 | FI33: 0 | FJ33: 0 | FK33: 0 | FL33: 0 | FM33: 0 | FN33: 0 | FO33: 0 | FP33: 0 | FQ33: 0 | FR33: 0 | FS33: 0 | FT33: 0 | FU33: 0 | FV33: 0 | FW33: 0 | FX33: 0 | FY33: 0 | FZ33: 0 | GA33: 0 | GB33: 0 | GC33: 0 | GD33: 0 | GE33: 0 | GF33: 0 | GG33: 0 | GH33: 0 | GI33: 0 | GJ33: 0 | GK33: 0 | GL33: 0 | GM33: 0 | GN33: 0 | GO33: 0 | GP33: 0 | GQ33: 0 | GR33: 0
A34: Grand Total | C34: =SUM(C3:C33) -> 55158 | D34: =SUM(D3:D33) -> 0 | E34: =SUM(E3:E33) -> 309 | F34: =SUM(F3:F33) -> 0 | G34: =SUM(G3:G33) -> 16 | H34: =SUM(H3:H33) -> 0 | I34: =SUM(I3:I33) -> 0 | J34: =SUM(J3:J33) -> 0 | ... GV34: =SUM(GV3:GV33) -> 0
C35: =C34+'Payroll MRO'!C34 -> 118326

Sheet Payroll MRO
A1: Date | B1: Day | C1: Overall | D1: Go To Index
D2: Aanya | E2: Ahila Sundaresan | F2: Alekhya Pokuri | G2: Ambar Romero | H2: Amel Yousfi | I2: Amrita Singh | J2: Andrea Lorenzano | K2: Angayarkanni Kannan | L2: Angel Edwards | M2: Anitaben Patel | N2: Anjali Devunuri | O2: Anjana Vijayan | P2: Ankana Biswas Dutta | Q2: Anshu Dubey | R2: Anusha Cheerla | S2: Anusha Kulageri | T2: Anusha Prasannakumar | U2: Arcelia Finkelberg | V2: Atchaya Rangasamy Venugopal | W2: Azumi Van Scyoc | X2: Babitha Koraganti | Y2: Balasubramani Kandasamy | Z2: Cecilia Hendricks | AA2: Chandana Bathina | AB2: Chandini Yellamilli | AC2: Chinmaya Jyothi Pulikallu | AD2: Damion Newell | AE2: Deepika Chintaluri | AF2: Devi Prakash | AG2: Devicharitha Malapati | AH2: Dhanalakshmi Nelluri | AI2: Dhivya Shankar | AJ2: Dhivyalakshmi Vigneshwaran | AK2: Diksha Vijaykumar More | AL2: Divya Babu | AM2: Divya Manjeshwar kamath | AN2: Divya Shree | AO2: Erianna Lockhart | AP2: Faith Ujjwala Singh | AQ2: Fallyan Redd | AR2: Farheen Hasham | AS2: Farzana Shaik | AT2: Fnu Supriya | AU2: Foua Yang | AV2: Franklin C Onyedili | AW2: Gayatri Paramsivam | AX2: Geetalakshmi Govinthara Annadhurai | AY2: Gia Erica Coleman | AZ2: Hadjer Ikram Yousfi | BA2: Haley VanNamee | BB2: Harathi Nuvuru | BC2: Hetal Shah | BD2: I-Asia Newkirk | BE2: Infanta Clara Victor Anthony | BF2: Jaya Singh | BG2: Jayashree Swain | BH2: Jhou Yang | BI2: Jyothi Venkatasubramanya | BJ2: Kabila Sivasankar | BK2: Kavya Krishnappa | BL2: Kawanna Brown | BM2: Komala Renuka Prasad | BN2: Krishnaveni | BO2: Krithika Balasubramaniam | BP2: Lakshmi Neelima Duddula | BQ2: LaSere Reid Smith | BR2: LATHA BUSIREDDY | BS2: Latrice Adams | BT2: Lavanya Vigrahala | BU2: Laxmi Sirisha Penumecha | BV2: Lipsa Padhy | BW2: Lokeswari Gummadi | BX2: Madhana Sundari Vijayarajan | BY2: Madhavi Balineni | BZ2: Madhura Alva | CA2: Madhuri Padala | CB2: Maira Becham | CC2: Manda Talwekar | CD2: Manjunath JagadishPai | CE2: Mariko Huskey | CF2: Marilyn Brown | CG2: Marina Ibrahim | CH2: Mathangi Radhakrishnan | CI2: Michelle Cox | CJ2: Minakshi Deepak | CK2: Mojisha Mohandas | CL2: Monalisa Roy | CM2: Mool Chand | CN2: Naagarashikaa Vijayakumar | CO2: Naganandhini Ganapathimaran | CP2: Namita Mishra | CQ2: Namrata Sharma | CR2: Namratha Koratala | CS2: Narmadhadevi Dharmapalan | CT2: Neena Mathew Saravanakumar | CU2: Neha Aaggarwal | CV2: Nilopher Lopes | CW2: Nitha Chathoth Kunhikrishnan | CX2: Padmapriya krishnamoorthy | CY2: Palak Porwal | CZ2: Pavithra Balaji | DA2: Pavithra Manas Panda | DB2: Pavitra Rani Allam | DC2: Pooja Solanki | DD2: Poongothai Duraisamy | DE2: Pragyan Paramita Mohanty | DF2: Pranusha Dontineni | DG2: Prasana Kotagiri | DH2: Prathima Krishnamurthy Yadav | DI2: Prathima Lakkireddy | DJ2: PRAVALLIKA NUTHALAPATI | DK2: Priti Suman | DL2: Priyadarsini Baral | DM2: Priyanka Chandrikapure | DN2: Priyanka Dey Sarkar | DO2: Priyanka Gadar | DP2: Pushpaja Vullamgunta | DQ2: Rajameenakshi Sankarasubramanian | DR2: Rajeshwari Thammineni | DS2: Ramsheena Nadathalakkel | DT2: Ramya Muralidharan | DU2: Ramya Sudarshan Palavalli | DV2: Randi Wood | DW2: Rashmi Gupta | DX2: Rashmi Kottachery | DY2: Rashmi Rangdale | DZ2: Rathika Jude | EA2: Ratnasree Gudla | EB2: Reejaramani Subramani | EC2: Reema Rasheed | ED2: Reshmi Pulickal Radhakrishnan | EE2: Rima Loganathan | EF2: Rishi Goswami | EG2: Roja Punna | EH2: Rupali Bangar | EI2: Rutuja Rajput | EJ2: Sabiha Khan | EK2: Sai Santhya Ravikumar | EL2: Sangeetha Jeyabalan | EM2: Sanjana Mandal | EN2: Sara Abdelsayed | EO2: Saranya Sabarish | EP2: Sasikala Murugesan | EQ2: Sathya Ezhilan | ER2: Sathya Naveenraj | ES2: Selvakamatchi Rajamani | ET2: Shagida Nishwan | EU2: Sharanya Madhavan | EV2: Sharmila Lakshmipathy | EW2: Sharmila Raghavan | EX2: Siddhardha Yalavarthy | EY2: Sindhu Selvaraj | EZ2: Sindhu Thanigesan | FA2: Sireesha Gottimukkala | FB2: Snehal Choudhari | FC2: Snighdha Dave | FD2: Somdutta Paul | FE2: Sonali Gupta | FF2: Sonia Mohanty | FG2: Soumya kalyanaraman | FH2: Sowjanya Ravella | FI2: Sree Nalini Uduta | FJ2: Sreedevi Salapu | FK2: Srikanya R | FL2: Srilekha Kotte | FM2: Sripriyadarshini | FN2: Srividhyalakshmi Murugadass | FO2: Sruthi Arambachalil | FP2: Subasri Swaminathan | FQ2: Subhanandhini Kumarasamy | FR2: Subhina Bhaskar | FS2: subratha suresh kamat | FT2: Suchitra Rajesh | FU2: Sudesh Goel | FV2: Sunitha nara | FW2: Swathi Kodali | FX2: SWATHI LAKSHMI GUNDURU | FY2: Swati bartake | FZ2: Swati Ghogare | GA2: Sweety Ranka | GB2: Tapasi Rath | GC2: Tarshik Spurling | GD2: Tej Patel | GE2: Umamaheswari Shanmugam | GF2: Usha Devi Singaravelu | GG2: Vaishnavi Devi Bunja Dhinakaran | GH2: Valarmathi Magudeswaran | GI2: Valliammai Ramanathan | GJ2: Vani Hanumantu | GK2: Varsha Javali | GL2: Vasuda Rawal | GM2: Vasudha Kodi | GN2: Venkata Vemuri | GO2: Vidya Thirunavukkarasu | GP2: Vijayalakshmi Bhaskaran | GQ2: Vyom Bhandari | GR2: Yazhini Ravichandran
A3: 46023 | B3: =TEXT(A3,"DDD") -> Thu | C3: =SUM(D3:GV3) -> 739 | D3: 0 | E3: 0 | F3: 0 | G3: 0 | H3: 0 | I3: 0 | J3: 0 | K3: 0 | L3: 0 | M3: 0 | N3: 0 | O3: 0 | P3: 0 | Q3: 0 | R3: 0 | S3: 0 | T3: 0 | U3: 0 | V3: 0 | W3: 4 | X3: 0 | Y3: 32 | Z3: 0 | AA3: 0 | AB3: 10 | AC3: 0 | AD3: 0 | AE3: 0 | AF3: 0 | AG3: 51 | AH3: 0 | AI3: 0 | AJ3: 0 | AK3: 0 | AL3: 0 | AM3: 0 | AN3: 0 | AO3: 0 | AP3: 0 | AQ3: 0 | AR3: 0 | AS3: 0 | AT3: 0 | AU3: 0 | AV3: 0 | AW3: 0 | AX3: 0 | AY3: 0 | AZ3: 0 | BA3: 0 | BB3: 0 | BC3: 0 | BD3: 0 | BE3: 0 | BF3: 0 | BG3: 17 | BH3: 0 | BI3: 0 | BJ3: 0 | BK3: 0 | BL3: 0 | BM3: 0 | BN3: 0 | BO3: 0 | BP3: 0 | BQ3: 0 | BR3: 0 | BS3: 0 | BT3: 0 | BU3: 0 | BV3: 0 | BW3: 0 | BX3: 19 | BY3: 0 | BZ3: 0 | CA3: 0 | CB3: 0 | CC3: 0 | CD3: 27 | CE3: 0 | CF3: 0 | CG3: 0 | CH3: 0 | CI3: 0 | CJ3: 30 | CK3: 0 | CL3: 0 | CM3: 0 | CN3: 0 | CO3: 0 | CP3: 0 | CQ3: 0 | CR3: 0 | CS3: 0 | CT3: 0 | CU3: 89 | CV3: 0 | CW3: 0 | CX3: 0 | CY3: 0 | CZ3: 0 | DA3: 0 | DB3: 0 | DC3: 0 | DD3: 0 | DE3: 0 | DF3: 0 | DG3: 0 | DH3: 0 | DI3: 0 | DJ3: 0 | DK3: 83 | DL3: 0 | DM3: 0 | DN3: 0 | DO3: 0 | DP3: 48 | DQ3: 0 | DR3: 0 | DS3: 0 | DT3: 0 | DU3: 0 | DV3: 0 | DW3: 0 | DX3: 0 | DY3: 0 | DZ3: 0 | EA3: 0 | EB3: 0 | EC3: 22 | ED3: 17 | EE3: 12 | EF3: 0 | EG3: 0 | EH3: 0 | EI3: 109 | EJ3: 0 | EK3: 0 | EL3: 0 | EM3: 0 | EN3: 0 | EO3: 0 | EP3: 0 | EQ3: 0 | ER3: 0 | ES3: 0 | ET3: 0 | EU3: 0 | EV3: 0 | EW3: 0 | EX3: 0 | EY3: 0 | EZ3: 0 | FA3: 0 | FB3: 0 | FC3: 0 | FD3: 0 | FE3: 25 | FF3: 14 | FG3: 0 | FH3: 0 | FI3: 0 | FJ3: 0 | FK3: 3 | FL3: 0 | FM3: 0 | FN3: 0 | FO3: 0 | FP3: 0 | FQ3: 0 | FR3: 0 | FS3: 0 | FT3: 0 | FU3: 0 | FV3: 0 | FW3: 0 | FX3: 0 | FY3: 0 | FZ3: 0 | GA3: 0 | GB3: 0 | GC3: 0 | GD3: 122 | GE3: 0 | GF3: 0 | GG3: 4 | GH3: 0 | GI3: 0 | GJ3: 1 | GK3: 0 | GL3: 0 | GM3: 0 | GN3: 0 | GO3: 0 | GP3: 0 | GQ3: 0 | GR3: 0
A4: =A3+1 -> 46024 | B4: =TEXT(A4,"DDD") -> Fri | C4: =SUM(D4:GV4) -> 2285 | D4: 0 | E4: 0 | F4: 0 | G4: 0 | H4: 33 | I4: 0 | J4: 0 | K4: 0 | L4: 0 | M4: 0 | N4: 0 | O4: 0 | P4: 26 | Q4: 0 | R4: 162 | S4: 0 | T4: 0 | U4: 0 | V4: 54 | W4: 25 | X4: 0 | Y4: 28 | Z4: 0 | AA4: 12 | AB4: 6 | AC4: 0 | AD4: 0 | AE4: 0 | AF4: 0 | AG4: 0 | AH4: 0 | AI4: 0 | AJ4: 0 | AK4: 0 | AL4: 0 | AM4: 0 | AN4: 0 | AO4: 0 | AP4: 14 | AQ4: 0 | AR4: 28 | AS4: 0 | AT4: 0 | AU4: 0 | AV4: 0 | AW4: 0 | AX4: 0 | AY4: 0 | AZ4: 0 | BA4: 0 | BB4: 0 | BC4: 0 | BD4: 0 | BE4: 0 | BF4: 0 | BG4: 29 | BH4: 0 | BI4: 0 | BJ4: 17 | BK4: 0 | BL4: 119 | BM4: 0 | BN4: 0 | BO4: 0 | BP4: 61 | BQ4: 0 | BR4: 0 | BS4: 0 | BT4: 0 | BU4: 20 | BV4: 35 | BW4: 40 | BX4: 66 | BY4: 0 | BZ4: 17 | CA4: 0 | CB4: 0 | CC4: 0 | CD4: 0 | CE4: 0 | CF4: 0 | CG4: 0 | CH4: 0 | CI4: 0 | CJ4: 105 | CK4: 0 | CL4: 0 | CM4: 0 | CN4: 0 | CO4: 0 | CP4: 0 | CQ4: 0 | CR4: 0 | CS4: 0 | CT4: 0 | CU4: 0 | CV4: 0 | CW4: 0 | CX4: 0 | CY4: 46 | CZ4: 0 | DA4: 0 | DB4: 0 | DC4: 0 | DD4: 0 | DE4: 30 | DF4: 0 | DG4: 70 | DH4: 12 | DI4: 72 | DJ4: 0 | DK4: 147 | DL4: 0 | DM4: 0 | DN4: 0 | DO4: 0 | DP4: 80 | DQ4: 0 | DR4: 0 | DS4: 0 | DT4: 63 | DU4: 0 | DV4: 0 | DW4: 0 | DX4: 0 | DY4: 0 | DZ4: 0 | EA4: 0 | EB4: 0 | EC4: 12 | ED4: 94 | EE4: 15 | EF4: 0 | EG4: 0 | EH4: 0 | EI4: 0 | EJ4: 0 | EK4: 0 | EL4: 0 | EM4: 57 | EN4: 0 | EO4: 0 | EP4: 0 | EQ4: 25 | ER4: 0 | ES4: 0 | ET4: 65 | EU4: 0 | EV4: 0 | EW4: 0 | EX4: 0 | EY4: 0 | EZ4: 0 | FA4: 0 | FB4: 0 | FC4: 0 | FD4: 0 | FE4: 26 | FF4: 41 | FG4: 0 | FH4: 0 | FI4: 0 | FJ4: 0 | FK4: 20 | FL4: 0 | FM4: 0 | FN4: 31 | FO4: 0 | FP4: 61 | FQ4: 0 | FR4: 0 | FS4: 0 | FT4: 0 | FU4: 0 | FV4: 0 | FW4: 0 | FX4: 0 | FY4: 0 | FZ4: 0 | GA4: 0 | GB4: 0 | GC4: 0 | GD4: 0 | GE4: 0 | GF4: 0 | GG4: 111 | GH4: 13 | GI4: 0 | GJ4: 86 | GK4: 0 | GL4: 0 | GM4: 115 | GN4: 0 | GO4: 0 | GP4: 41 | GQ4: 0 | GR4: 55
A5: =A4+1 -> 46025 | B5: =TEXT(A5,"DDD") -> Sat | C5: =SUM(D5:GV5) -> 762 | D5: 0 | E5: 0 | F5: 0 | G5: 0 | H5: 11 | I5: 0 | J5: 0 | K5: 0 | L5: 0 | M5: 0 | N5: 0 | O5: 0 | P5: 0 | Q5: 0 | R5: 0 | S5: 0 | T5: 0 | U5: 0 | V5: 0 | W5: 0 | X5: 0 | Y5: 42 | Z5: 0 | AA5: 0 | AB5: 0 | AC5: 0 | AD5: 0 | AE5: 0 | AF5: 0 | AG5: 0 | AH5: 0 | AI5: 0 | AJ5: 0 | AK5: 0 | AL5: 0 | AM5: 0 | AN5: 0 | AO5: 0 | AP5: 0 | AQ5: 0 | AR5: 0 | AS5: 0 | AT5: 0 | AU5: 0 | AV5: 0 | AW5: 0 | AX5: 0 | AY5: 0 | AZ5: 0 | BA5: 0 | BB5: 0 | BC5: 0 | BD5: 0 | BE5: 0 | BF5: 0 | BG5: 0 | BH5: 0 | BI5: 0 | BJ5: 0 | BK5: 0 | BL5: 0 | BM5: 0 | BN5: 0 | BO5: 0 | BP5: 0 | BQ5: 0 | BR5: 0 | BS5: 0 | BT5: 0 | BU5: 0 | BV5: 0 | BW5: 0 | BX5: 0 | BY5: 0 | BZ5: 0 | CA5: 0 | CB5: 0 | CC5: 0 | CD5: 0 | CE5: 0 | CF5: 0 | CG5: 0 | CH5: 0 | CI5: 0 | CJ5: 0 | CK5: 0 | CL5: 24 | CM5: 0 | CN5: 0 | CO5: 0 | CP5: 0 | CQ5: 0 | CR5: 0 | CS5: 0 | CT5: 0 | CU5: 252 | CV5: 0 | CW5: 0 | CX5: 0 | CY5: 0 | CZ5: 0 | DA5: 0 | DB5: 0 | DC5: 0 | DD5: 0 | DE5: 0 | DF5: 0 | DG5: 0 | DH5: 0 | DI5: 0 | DJ5: 0 | DK5: 192 | DL5: 0 | DM5: 0 | DN5: 0 | DO5: 0 | DP5: 37 | DQ5: 0 | DR5: 0 | DS5: 0 | DT5: 0 | DU5: 0 | DV5: 0 | DW5: 0 | DX5: 0 | DY5: 0 | DZ5: 0 | EA5: 0 | EB5: 0 | EC5: 0 | ED5: 17 | EE5: 0 | EF5: 0 | EG5: 0 | EH5: 0 | EI5: 0 | EJ5: 0 | EK5: 0 | EL5: 0 | EM5: 0 | EN5: 0 | EO5: 0 | EP5: 0 | EQ5: 0 | ER5: 0 | ES5: 0 | ET5: 0 | EU5: 0 | EV5: 0 | EW5: 0 | EX5: 0 | EY5: 0 | EZ5: 0 | FA5: 0 | FB5: 0 | FC5: 0 | FD5: 0 | FE5: 31 | FF5: 22 | FG5: 0 | FH5: 0 | FI5: 0 | FJ5: 0 | FK5: 0 | FL5: 0 | FM5: 0 | FN5: 0 | FO5: 0 | FP5: 0 | FQ5: 0 | FR5: 0 | FS5: 0 | FT5: 0 | FU5: 0 | FV5: 0 | FW5: 0 | FX5: 0 | FY5: 0 | FZ5: 0 | GA5: 0 | GB5: 0 | GC5: 0 | GD5: 0 | GE5: 0 | GF5: 0 | GG5: 14 | GH5: 0 | GI5: 0 | GJ5: 59 | GK5: 0 | GL5: 0 | GM5: 61 | GN5: 0 | GO5: 0 | GP5: 0 | GQ5: 0 | GR5: 0
A6: =A5+1 -> 46026 | B6: =TEXT(A6,"DDD") -> Sun | C6: =SUM(D6:GV6) -> 653 | D6: 0 | E6: 0 | F6: 0 | G6: 0 | H6: 10 | I6: 0 | J6: 0 | K6: 0 | L6: 0 | M6: 0 | N6: 0 | O6: 0 | P6: 17 | Q6: 0 | R6: 0 | S6: 0 | T6: 0 | U6: 0 | V6: 0 | W6: 0 | X6: 0 | Y6: 49 | Z6: 0 | AA6: 0 | AB6: 0 | AC6: 0 | AD6: 0 | AE6: 0 | AF6: 0 | AG6: 0 | AH6: 0 | AI6: 0 | AJ6: 0 | AK6: 0 | AL6: 0 | AM6: 0 | AN6: 0 | AO6: 0 | AP6: 0 | AQ6: 0 | AR6: 0 | AS6: 0 | AT6: 0 | AU6: 0 | AV6: 0 | AW6: 0 | AX6: 0 | AY6: 0 | AZ6: 0 | BA6: 0 | BB6: 0 | BC6: 0 | BD6: 0 | BE6: 0 | BF6: 0 | BG6: 0 | BH6: 0 | BI6: 0 | BJ6: 0 | BK6: 0 | BL6: 0 | BM6: 0 | BN6: 0 | BO6: 0 | BP6: 0 | BQ6: 0 | BR6: 0 | BS6: 0 | BT6: 0 | BU6: 0 | BV6: 0 | BW6: 0 | BX6: 0 | BY6: 0 | BZ6: 59 | CA6: 0 | CB6: 0 | CC6: 0 | CD6: 0 | CE6: 0 | CF6: 0 | CG6: 0 | CH6: 0 | CI6: 0 | CJ6: 0 | CK6: 0 | CL6: 0 | CM6: 0 | CN6: 0 | CO6: 0 | CP6: 0 | CQ6: 0 | CR6: 0 | CS6: 0 | CT6: 0 | CU6: 0 | CV6: 0 | CW6: 0 | CX6: 0 | CY6: 72 | CZ6: 0 | DA6: 0 | DB6: 0 | DC6: 0 | DD6: 0 | DE6: 70 | DF6: 0 | DG6: 1 | DH6: 0 | DI6: 0 | DJ6: 0 | DK6: 114 | DL6: 0 | DM6: 0 | DN6: 0 | DO6: 0 | DP6: 0 | DQ6: 0 | DR6: 0 | DS6: 0 | DT6: 0 | DU6: 0 | DV6: 0 | DW6: 0 | DX6: 0 | DY6: 0 | DZ6: 0 | EA6: 0 | EB6: 0 | EC6: 0 | ED6: 0 | EE6: 0 | EF6: 0 | EG6: 0 | EH6: 0 | EI6: 0 | EJ6: 0 | EK6: 0 | EL6: 0 | EM6: 0 | EN6: 0 | EO6: 0 | EP6: 0 | EQ6: 0 | ER6: 0 | ES6: 0 | ET6: 0 | EU6: 0 | EV6: 0 | EW6: 0 | EX6: 0 | EY6: 0 | EZ6: 0 | FA6: 0 | FB6: 0 | FC6: 0 | FD6: 0 | FE6: 0 | FF6: 20 | FG6: 0 | FH6: 0 | FI6: 0 | FJ6: 0 | FK6: 19 | FL6: 0 | FM6: 0 | FN6: 0 | FO6: 0 | FP6: 24 | FQ6: 0 | FR6: 0 | FS6: 0 | FT6: 0 | FU6: 0 | FV6: 0 | FW6: 0 | FX6: 0 | FY6: 0 | FZ6: 0 | GA6: 0 | GB6: 0 | GC6: 0 | GD6: 0 | GE6: 0 | GF6: 0 | GG6: 19 | GH6: 0 | GI6: 0 | GJ6: 19 | GK6: 0 | GL6: 0 | GM6: 97 | GN6: 11 | GO6: 0 | GP6: 48 | GQ6: 0 | GR6: 4
A7: =A6+1 -> 46027 | B7: =TEXT(A7,"DDD") -> Mon | C7: =SUM(D7:GV7) -> 2949 | D7: 0 | E7: 0 | F7: 0 | G7: 0 | H7: 41 | I7: 47 | J7: 0 | K7: 0 | L7: 0 | M7: 0 | N7: 0 | O7: 0 | P7: 44 | Q7: 37 | R7: 113 | S7: 0 | T7: 0 | U7: 0 | V7: 35 | W7: 45 | X7: 0 | Y7: 61 | Z7: 0 | AA7: 32 | AB7: 9 | AC7: 0 | AD7: 0 | AE7: 0 | AF7: 0 | AG7: 50 | AH7: 0 | AI7: 0 | AJ7: 0 | AK7: 0 | AL7: 0 | AM7: 0 | AN7: 3 | AO7: 0 | AP7: 21 | AQ7: 15 | AR7: 1 | AS7: 0 | AT7: 0 | AU7: 0 | AV7: 0 | AW7: 0 | AX7: 0 | AY7: 0 | AZ7: 22 | BA7: 0 | BB7: 43 | BC7: 0 | BD7: 0 | BE7: 0 | BF7: 0 | BG7: 25 | BH7: 0 | BI7: 0 | BJ7: 15 | BK7: 0 | BL7: 40 | BM7: 0 | BN7: 0 | BO7: 30 | BP7: 50 | BQ7: 0 | BR7: 0 | BS7: 0 | BT7: 0 | BU7: 42 | BV7: 1 | BW7: 25 | BX7: 0 | BY7: 0 | BZ7: 171 | CA7: 66 | CB7: 0 | CC7: 0 | CD7: 0 | CE7: 0 | CF7: 0 | CG7: 0 | CH7: 0 | CI7: 0 | CJ7: 108 | CK7: 0 | CL7: 48 | CM7: 0 | CN7: 0 | CO7: 0 | CP7: 0 | CQ7: 0 | CR7: 0 | CS7: 0 | CT7: 0 | CU7: 92 | CV7: 0 | CW7: 0 | CX7: 0 | CY7: 113 | CZ7: 0 | DA7: 0 | DB7: 0 | DC7: 0 | DD7: 0 | DE7: 0 | DF7: 0 | DG7: 25 | DH7: 13 | DI7: 80 | DJ7: 0 | DK7: 130 | DL7: 0 | DM7: 0 | DN7: 0 | DO7: 0 | DP7: 0 | DQ7: 48 | DR7: 78 | DS7: 0 | DT7: 75 | DU7: 0 | DV7: 0 | DW7: 0 | DX7: 0 | DY7: 0 | DZ7: 0 | EA7: 0 | EB7: 0 | EC7: 5 | ED7: 99 | EE7: 0 | EF7: 54 | EG7: 0 | EH7: 0 | EI7: 93 | EJ7: 0 | EK7: 0 | EL7: 42 | EM7: 30 | EN7: 0 | EO7: 0 | EP7: 37 | EQ7: 0 | ER7: 0 | ES7: 0 | ET7: 72 | EU7: 0 | EV7: 0 | EW7: 0 | EX7: 0 | EY7: 0 | EZ7: 0 | FA7: 0 | FB7: 0 | FC7: 0 | FD7: 0 | FE7: 28 | FF7: 50 | FG7: 0 | FH7: 0 | FI7: 1 | FJ7: 0 | FK7: 20 | FL7: 0 | FM7: 0 | FN7: 0 | FO7: 0 | FP7: 47 | FQ7: 0 | FR7: 0 | FS7: 0 | FT7: 0 | FU7: 0 | FV7: 0 | FW7: 0 | FX7: 0 | FY7: 0 | FZ7: 0 | GA7: 0 | GB7: 55 | GC7: 0 | GD7: 97 | GE7: 0 | GF7: 0 | GG7: 62 | GH7: 15 | GI7: 0 | GJ7: 48 | GK7: 0 | GL7: 0 | GM7: 76 | GN7: 43 | GO7: 0 | GP7: 41 | GQ7: 0 | GR7: 40
A8: =A7+1 -> 46028 | B8: =TEXT(A8,"DDD") -> Tue | C8: =SUM(D8:GV8) -> 2867 | D8: 0 | E8: 0 | F8: 0 | G8: 0 | H8: 14 | I8: 42 | J8: 0 | K8: 0 | L8: 0 | M8: 0 | N8: 0 | O8: 0 | P8: 40 | Q8: 25 | R8: 153 | S8: 0 | T8: 0 | U8: 0 | V8: 0 | W8: 0 | X8: 0 | Y8: 73 | Z8: 0 | AA8: 38 | AB8: 22 | AC8: 0 | AD8: 0 | AE8: 0 | AF8: 0 | AG8: 32 | AH8: 0 | AI8: 0 | AJ8: 0 | AK8: 0 | AL8: 0 | AM8: 0 | AN8: 8 | AO8: 0 | AP8: 18 | AQ8: 0 | AR8: 0 | AS8: 0 | AT8: 0 | AU8: 0 | AV8: 0 | AW8: 0 | AX8: 0 | AY8: 0 | AZ8: 11 | BA8: 0 | BB8: 67 | BC8: 0 | BD8: 0 | BE8: 0 | BF8: 0 | BG8: 41 | BH8: 0 | BI8: 0 | BJ8: 21 | BK8: 0 | BL8: 39 | BM8: 0 | BN8: 0 | BO8: 33 | BP8: 25 | BQ8: 0 | BR8: 0 | BS8: 0 | BT8: 0 | BU8: 120 | BV8: 27 | BW8: 62 | BX8: 0 | BY8: 0 | BZ8: 140 | CA8: 78 | CB8: 0 | CC8: 0 | CD8: 0 | CE8: 2 | CF8: 0 | CG8: 0 | CH8: 0 | CI8: 0 | CJ8: 110 | CK8: 0 | CL8: 65 | CM8: 0 | CN8: 0 | CO8: 0 | CP8: 0 | CQ8: 0 | CR8: 0 | CS8: 0 | CT8: 0 | CU8: 74 | CV8: 0 | CW8: 0 | CX8: 0 | CY8: 100 | CZ8: 0 | DA8: 0 | DB8: 0 | DC8: 0 | DD8: 0 | DE8: 0 | DF8: 0 | DG8: 87 | DH8: 16 | DI8: 51 | DJ8: 0 | DK8: 46 | DL8: 0 | DM8: 36 | DN8: 0 | DO8: 0 | DP8: 0 | DQ8: 18 | DR8: 71 | DS8: 0 | DT8: 43 | DU8: 0 | DV8: 0 | DW8: 0 | DX8: 0 | DY8: 0 | DZ8: 39 | EA8: 0 | EB8: 0 | EC8: 0 | ED8: 87 | EE8: 0 | EF8: 0 | EG8: 0 | EH8: 0 | EI8: 84 | EJ8: 0 | EK8: 0 | EL8: 85 | EM8: 25 | EN8: 0 | EO8: 0 | EP8: 40 | EQ8: 6 | ER8: 0 | ES8: 0 | ET8: 5 | EU8: 0 | EV8: 0 | EW8: 0 | EX8: 0 | EY8: 0 | EZ8: 0 | FA8: 0 | FB8: 0 | FC8: 0 | FD8: 0 | FE8: 0 | FF8: 48 | FG8: 0 | FH8: 0 | FI8: 0 | FJ8: 0 | FK8: 46 | FL8: 0 | FM8: 15 | FN8: 76 | FO8: 0 | FP8: 25 | FQ8: 0 | FR8: 0 | FS8: 0 | FT8: 0 | FU8: 0 | FV8: 0 | FW8: 0 | FX8: 0 | FY8: 0 | FZ8: 0 | GA8: 0 | GB8: 34 | GC8: 0 | GD8: 0 | GE8: 0 | GF8: 0 | GG8: 87 | GH8: 10 | GI8: 0 | GJ8: 76 | GK8: 0 | GL8: 0 | GM8: 135 | GN8: 42 | GO8: 0 | GP8: 22 | GQ8: 0 | GR8: 32
A9: =A8+1 -> 46029 | B9: =TEXT(A9,"DDD") -> Wed | C9: =SUM(D9:GV9) -> 2897 | D9: 0 | E9: 64 | F9: 0 | G9: 0 | H9: 33 | I9: 66 | J9: 0 | K9: 0 | L9: 0 | M9: 0 | N9: 0 | O9: 0 | P9: 43 | Q9: 25 | R9: 121 | S9: 0 | T9: 0 | U9: 0 | V9: 0 | W9: 0 | X9: 0 | Y9: 65 | Z9: 0 | AA9: 0 | AB9: 34 | AC9: 0 | AD9: 0 | AE9: 0 | AF9: 0 | AG9: 20 | AH9: 0 | AI9: 0 | AJ9: 0 | AK9: 0 | AL9: 0 | AM9: 0 | AN9: 18 | AO9: 0 | AP9: 7 | AQ9: 0 | AR9: 32 | AS9: 0 | AT9: 0 | AU9: 0 | AV9: 0 | AW9: 0 | AX9: 0 | AY9: 0 | AZ9: 17 | BA9: 0 | BB9: 102 | BC9: 0 | BD9: 0 | BE9: 0 | BF9: 0 | BG9: 44 | BH9: 0 | BI9: 0 | BJ9: 1 | BK9: 0 | BL9: 41 | BM9: 0 | BN9: 0 | BO9: 35 | BP9: 20 | BQ9: 0 | BR9: 0 | BS9: 0 | BT9: 0 | BU9: 20 | BV9: 12 | BW9: 58 | BX9: 64 | BY9: 0 | BZ9: 80 | CA9: 34 | CB9: 53 | CC9: 0 | CD9: 0 | CE9: 0 | CF9: 0 | CG9: 0 | CH9: 0 | CI9: 0 | CJ9: 147 | CK9: 0 | CL9: 58 | CM9: 0 | CN9: 0 | CO9: 0 | CP9: 0 | CQ9: 0 | CR9: 0 | CS9: 0 | CT9: 0 | CU9: 0 | CV9: 0 | CW9: 0 | CX9: 0 | CY9: 87 | CZ9: 0 | DA9: 0 | DB9: 0 | DC9: 0 | DD9: 0 | DE9: 0 | DF9: 0 | DG9: 23 | DH9: 15 | DI9: 94 | DJ9: 0 | DK9: 53 | DL9: 0 | DM9: 0 | DN9: 0 | DO9: 0 | DP9: 0 | DQ9: 51 | DR9: 60 | DS9: 0 | DT9: 62 | DU9: 0 | DV9: 0 | DW9: 0 | DX9: 0 | DY9: 0 | DZ9: 65 | EA9: 0 | EB9: 0 | EC9: 0 | ED9: 84 | EE9: 0 | EF9: 82 | EG9: 0 | EH9: 0 | EI9: 87 | EJ9: 0 | EK9: 0 | EL9: 67 | EM9: 32 | EN9: 0 | EO9: 0 | EP9: 19 | EQ9: 29 | ER9: 0 | ES9: 0 | ET9: 46 | EU9: 0 | EV9: 0 | EW9: 0 | EX9: 0 | EY9: 0 | EZ9: 0 | FA9: 0 | FB9: 0 | FC9: 0 | FD9: 0 | FE9: 0 | FF9: 35 | FG9: 0 | FH9: 0 | FI9: 1 | FJ9: 0 | FK9: 24 | FL9: 0 | FM9: 0 | FN9: 19 | FO9: 0 | FP9: 34 | FQ9: 0 | FR9: 0 | FS9: 0 | FT9: 0 | FU9: 0 | FV9: 0 | FW9: 0 | FX9: 0 | FY9: 0 | FZ9: 0 | GA9: 0 | GB9: 57 | GC9: 0 | GD9: 60 | GE9: 0 | GF9: 0 | GG9: 63 | GH9: 10 | GI9: 0 | GJ9: 71 | GK9: 0 | GL9: 0 | GM9: 137 | GN9: 37 | GO9: 0 | GP9: 50 | GQ9: 0 | GR9: 29
A10: =A9+1 -> 46030 | B10: =TEXT(A10,"DDD") -> Thu | C10: =SUM(D10:GV10) -> 3753 | D10: 0 | E10: 10 | F10: 0 | G10: 0 | H10: 35 | I10: 62 | J10: 0 | K10: 0 | L10: 0 | M10: 0 | N10: 0 | O10: 0 | P10: 32 | Q10: 38 | R10: 116 | S10: 0 | T10: 0 | U10: 0 | V10: 36 | W10: 0 | X10: 0 | Y10: 65 | Z10: 0 | AA10: 20 | AB10: 26 | AC10: 0 | AD10: 0 | AE10: 0 | AF10: 0 | AG10: 43 | AH10: 0 | AI10: 0 | AJ10: 0 | AK10: 0 | AL10: 0 | AM10: 0 | AN10: 14 | AO10: 0 | AP10: 15 | AQ10: 0 | AR10: 0 | AS10: 0 | AT10: 0 | AU10: 0 | AV10: 0 | AW10: 0 | AX10: 0 | AY10: 0 | AZ10: 52 | BA10: 0 | BB10: 98 | BC10: 0 | BD10: 0 | BE10: 0 | BF10: 0 | BG10: 40 | BH10: 0 | BI10: 0 | BJ10: 0 | BK10: 0 | BL10: 81 | BM10: 0 | BN10: 0 | BO10: 33 | BP10: 35 | BQ10: 0 | BR10: 0 | BS10: 0 | BT10: 0 | BU10: 50 | BV10: 14 | BW10: 41 | BX10: 172 | BY10: 0 | BZ10: 91 | CA10: 62 | CB10: 75 | CC10: 0 | CD10: 77 | CE10: 60 | CF10: 0 | CG10: 0 | CH10: 0 | CI10: 0 | CJ10: 180 | CK10: 0 | CL10: 55 | CM10: 0 | CN10: 0 | CO10: 0 | CP10: 0 | CQ10: 0 | CR10: 0 | CS10: 0 | CT10: 0 | CU10: 50 | CV10: 0 | CW10: 0 | CX10: 0 | CY10: 100 | CZ10: 0 | DA10: 0 | DB10: 0 | DC10: 0 | DD10: 0 | DE10: 0 | DF10: 0 | DG10: 12 | DH10: 18 | DI10: 107 | DJ10: 0 | DK10: 202 | DL10: 0 | DM10: 0 | DN10: 0 | DO10: 0 | DP10: 0 | DQ10: 46 | DR10: 68 | DS10: 0 | DT10: 51 | DU10: 0 | DV10: 0 | DW10: 0 | DX10: 0 | DY10: 0 | DZ10: 172 | EA10: 0 | EB10: 0 | EC10: 0 | ED10: 111 | EE10: 0 | EF10: 84 | EG10: 0 | EH10: 0 | EI10: 84 | EJ10: 0 | EK10: 0 | EL10: 74 | EM10: 64 | EN10: 0 | EO10: 0 | EP10: 32 | EQ10: 22 | ER10: 0 | ES10: 0 | ET10: 39 | EU10: 0 | EV10: 0 | EW10: 0 | EX10: 0 | EY10: 0 | EZ10: 0 | FA10: 0 | FB10: 0 | FC10: 0 | FD10: 0 | FE10: 0 | FF10: 20 | FG10: 0 | FH10: 0 | FI10: 22 | FJ10: 0 | FK10: 19 | FL10: 0 | FM10: 0 | FN10: 32 | FO10: 0 | FP10: 50 | FQ10: 0 | FR10: 0 | FS10: 0 | FT10: 0 | FU10: 0 | FV10: 0 | FW10: 0 | FX10: 0 | FY10: 0 | FZ10: 0 | GA10: 0 | GB10: 62 | GC10: 0 | GD10: 47 | GE10: 0 | GF10: 0 | GG10: 58 | GH10: 9 | GI10: 0 | GJ10: 80 | GK10: 0 | GL10: 0 | GM10: 158 | GN10: 43 | GO10: 0 | GP10: 58 | GQ10: 0 | GR10: 31
A11: =A10+1 -> 46031 | B11: =TEXT(A11,"DDD") -> Fri | C11: =SUM(D11:GV11) -> 2805 | D11: 0 | E11: 0 | F11: 0 | G11: 0 | H11: 35 | I11: 97 | J11: 0 | K11: 0 | L11: 0 | M11: 0 | N11: 0 | O11: 0 | P11: 12 | Q11: 48 | R11: 75 | S11: 0 | T11: 0 | U11: 0 | V11: 40 | W11: 0 | X11: 0 | Y11: 60 | Z11: 0 | AA11: 28 | AB11: 24 | AC11: 0 | AD11: 0 | AE11: 0 | AF11: 0 | AG11: 50 | AH11: 0 | AI11: 0 | AJ11: 0 | AK11: 0 | AL11: 0 | AM11: 0 | AN11: 20 | AO11: 0 | AP11: 10 | AQ11: 0 | AR11: 0 | AS11: 0 | AT11: 40 | AU11: 0 | AV11: 0 | AW11: 0 | AX11: 0 | AY11: 0 | AZ11: 3 | BA11: 0 | BB11: 90 | BC11: 0 | BD11: 0 | BE11: 0 | BF11: 0 | BG11: 18 | BH11: 0 | BI11: 0 | BJ11: 0 | BK11: 0 | BL11: 50 | BM11: 0 | BN11: 0 | BO11: 7 | BP11: 43 | BQ11: 0 | BR11: 0 | BS11: 0 | BT11: 0 | BU11: 43 | BV11: 29 | BW11: 38 | BX11: 0 | BY11: 0 | BZ11: 0 | CA11: 61 | CB11: 59 | CC11: 0 | CD11: 0 | CE11: 28 | CF11: 0 | CG11: 0 | CH11: 0 | CI11: 0 | CJ11: 127 | CK11: 0 | CL11: 20 | CM11: 0 | CN11: 0 | CO11: 0 | CP11: 0 | CQ11: 0 | CR11: 0 | CS11: 0 | CT11: 0 | CU11: 100 | CV11: 0 | CW11: 0 | CX11: 0 | CY11: 100 | CZ11: 0 | DA11: 0 | DB11: 0 | DC11: 0 | DD11: 0 | DE11: 30 | DF11: 0 | DG11: 9 | DH11: 21 | DI11: 89 | DJ11: 0 | DK11: 0 | DL11: 0 | DM11: 11 | DN11: 0 | DO11: 0 | DP11: 0 | DQ11: 46 | DR11: 84 | DS11: 0 | DT11: 45 | DU11: 0 | DV11: 0 | DW11: 0 | DX11: 0 | DY11: 0 | DZ11: 227 | EA11: 0 | EB11: 0 | EC11: 1 | ED11: 78 | EE11: 0 | EF11: 71 | EG11: 0 | EH11: 0 | EI11: 46 | EJ11: 0 | EK11: 0 | EL11: 48 | EM11: 49 | EN11: 0 | EO11: 0 | EP11: 0 | EQ11: 10 | ER11: 0 | ES11: 0 | ET11: 56 | EU11: 0 | EV11: 0 | EW11: 0 | EX11: 0 | EY11: 0 | EZ11: 0 | FA11: 0 | FB11: 0 | FC11: 0 | FD11: 0 | FE11: 0 | FF11: 26 | FG11: 0 | FH11: 0 | FI11: 55 | FJ11: 0 | FK11: 44 | FL11: 0 | FM11: 0 | FN11: 0 | FO11: 0 | FP11: 23 | FQ11: 0 | FR11: 0 | FS11: 0 | FT11: 0 | FU11: 0 | FV11: 0 | FW11: 0 | FX11: 0 | FY11: 0 | FZ11: 0 | GA11: 0 | GB11: 59 | GC11: 0 | GD11: 20 | GE11: 0 | GF11: 0 | GG11: 39 | GH11: 22 | GI11: 0 | GJ11: 66 | GK11: 0 | GL11: 0 | GM11: 73 | GN11: 21 | GO11: 0 | GP11: 50 | GQ11: 0 | GR11: 31
A12: =A11+1 -> 46032 | B12: =TEXT(A12,"DDD") -> Sat | C12: =SUM(D12:GV12) -> 260 | D12: 0 | E12: 0 | F12: 0 | G12: 0 | H12: 0 | I12: 0 | J12: 0 | K12: 0 | L12: 0 | M12: 0 | N12: 0 | O12: 0 | P12: 0 | Q12: 0 | R12: 0 | S12: 0 | T12: 0 | U12: 0 | V12: 0 | W12: 0 | X12: 0 | Y12: 9 | Z12: 0 | AA12: 0 | AB12: 18 | AC12: 0 | AD12: 0 | AE12: 0 | AF12: 0 | AG12: 0 | AH12: 0 | AI12: 0 | AJ12: 0 | AK12: 0 | AL12: 0 | AM12: 0 | AN12: 0 | AO12: 0 | AP12: 0 | AQ12: 0 | AR12: 0 | AS12: 0 | AT12: 0 | AU12: 0 | AV12: 0 | AW12: 0 | AX12: 0 | AY12: 0 | AZ12: 0 | BA12: 0 | BB12: 0 | BC12: 0 | BD12: 0 | BE12: 0 | BF12: 0 | BG12: 0 | BH12: 0 | BI12: 0 | BJ12: 0 | BK12: 0 | BL12: 0 | BM12: 0 | BN12: 0 | BO12: 0 | BP12: 0 | BQ12: 0 | BR12: 0 | BS12: 0 | BT12: 0 | BU12: 0 | BV12: 5 | BW12: 0 | BX12: 0 | BY12: 0 | BZ12: 0 | CA12: 0 | CB12: 0 | CC12: 0 | CD12: 0 | CE12: 0 | CF12: 0 | CG12: 0 | CH12: 0 | CI12: 0 | CJ12: 29 | CK12: 0 | CL12: 0 | CM12: 0 | CN12: 0 | CO12: 0 | CP12: 0 | CQ12: 0 | CR12: 0 | CS12: 0 | CT12: 0 | CU12: 100 | CV12: 0 | CW12: 0 | CX12: 0 | CY12: 41 | CZ12: 0 | DA12: 0 | DB12: 0 | DC12: 0 | DD12: 0 | DE12: 0 | DF12: 0 | DG12: 0 | DH12: 0 | DI12: 0 | DJ12: 0 | DK12: 0 | DL12: 0 | DM12: 0 | DN12: 0 | DO12: 0 | DP12: 0 | DQ12: 0 | DR12: 0 | DS12: 0 | DT12: 0 | DU12: 0 | DV12: 0 | DW12: 0 | DX12: 0 | DY12: 0 | DZ12: 0 | EA12: 0 | EB12: 0 | EC12: 0 | ED12: 0 | EE12: 0 | EF12: 0 | EG12: 0 | EH12: 0 | EI12: 0 | EJ12: 0 | EK12: 0 | EL12: 0 | EM12: 0 | EN12: 0 | EO12: 0 | EP12: 0 | EQ12: 0 | ER12: 0 | ES12: 0 | ET12: 0 | EU12: 0 | EV12: 0 | EW12: 0 | EX12: 0 | EY12: 0 | EZ12: 0 | FA12: 0 | FB12: 0 | FC12: 0 | FD12: 0 | FE12: 0 | FF12: 33 | FG12: 0 | FH12: 0 | FI12: 0 | FJ12: 0 | FK12: 0 | FL12: 0 | FM12: 0 | FN12: 0 | FO12: 0 | FP12: 0 | FQ12: 0 | FR12: 0 | FS12: 0 | FT12: 0 | FU12: 0 | FV12: 0 | FW12: 0 | FX12: 0 | FY12: 0 | FZ12: 0 | GA12: 0 | GB12: 0 | GC12: 0 | GD12: 0 | GE12: 0 | GF12: 0 | GG12: 0 | GH12: 0 | GI12: 0 | GJ12: 0 | GK12: 0 | GL12: 0 | GM12: 0 | GN12: 0 | GO12: 0 | GP12: 25 | GQ12: 0 | GR12: 0
A13: =A12+1 -> 46033 | B13: =TEXT(A13,"DDD") -> Sun | C13: =SUM(D13:GV13) -> 356 | D13: 0 | E13: 0 | F13: 0 | G13: 0 | H13: 0 | I13: 0 | J13: 0 | K13: 0 | L13: 0 | M13: 0 | N13: 0 | O13: 0 | P13: 22 | Q13: 0 | R13: 0 | S13: 0 | T13: 0 | U13: 0 | V13: 0 | W13: 0 | X13: 0 | Y13: 72 | Z13: 0 | AA13: 0 | AB13: 0 | AC13: 0 | AD13: 0 | AE13: 0 | AF13: 0 | AG13: 0 | AH13: 0 | AI13: 0 | AJ13: 0 | AK13: 0 | AL13: 0 | AM13: 0 | AN13: 0 | AO13: 0 | AP13: 0 | AQ13: 0 | AR13: 0 | AS13: 0 | AT13: 0 | AU13: 0 | AV13: 0 | AW13: 0 | AX13: 0 | AY13: 0 | AZ13: 0 | BA13: 0 | BB13: 0 | BC13: 0 | BD13: 0 | BE13: 0 | BF13: 0 | BG13: 0 | BH13: 0 | BI13: 0 | BJ13: 0 | BK13: 0 | BL13: 0 | BM13: 0 | BN13: 0 | BO13: 0 | BP13: 0 | BQ13: 0 | BR13: 0 | BS13: 0 | BT13: 0 | BU13: 0 | BV13: 19 | BW13: 9 | BX13: 0 | BY13: 0 | BZ13: 0 | CA13: 0 | CB13: 0 | CC13: 0 | CD13: 0 | CE13: 0 | CF13: 0 | CG13: 0 | CH13: 0 | CI13: 0 | CJ13: 0 | CK13: 0 | CL13: 0 | CM13: 0 | CN13: 0 | CO13: 0 | CP13: 0 | CQ13: 0 | CR13: 0 | CS13: 0 | CT13: 0 | CU13: 0 | CV13: 0 | CW13: 0 | CX13: 0 | CY13: 47 | CZ13: 0 | DA13: 0 | DB13: 0 | DC13: 0 | DD13: 0 | DE13: 25 | DF13: 0 | DG13: 0 | DH13: 0 | DI13: 0 | DJ13: 0 | DK13: 83 | DL13: 0 | DM13: 0 | DN13: 0 | DO13: 0 | DP13: 0 | DQ13: 0 | DR13: 0 | DS13: 0 | DT13: 0 | DU13: 0 | DV13: 0 | DW13: 0 | DX13: 0 | DY13: 0 | DZ13: 0 | EA13: 0 | EB13: 0 | EC13: 0 | ED13: 0 | EE13: 0 | EF13: 0 | EG13: 0 | EH13: 0 | EI13: 0 | EJ13: 0 | EK13: 0 | EL13: 0 | EM13: 0 | EN13: 0 | EO13: 0 | EP13: 0 | EQ13: 0 | ER13: 0 | ES13: 0 | ET13: 0 | EU13: 0 | EV13: 0 | EW13: 0 | EX13: 0 | EY13: 0 | EZ13: 0 | FA13: 0 | FB13: 0 | FC13: 0 | FD13: 0 | FE13: 0 | FF13: 33 | FG13: 0 | FH13: 0 | FI13: 0 | FJ13: 0 | FK13: 0 | FL13: 0 | FM13: 0 | FN13: 0 | FO13: 0 | FP13: 7 | FQ13: 0 | FR13: 0 | FS13: 0 | FT13: 0 | FU13: 0 | FV13: 0 | FW13: 0 | FX13: 0 | FY13: 0 | FZ13: 0 | GA13: 0 | GB13: 0 | GC13: 0 | GD13: 0 | GE13: 0 | GF13: 0 | GG13: 0 | GH13: 0 | GI13: 0 | GJ13: 0 | GK13: 0 | GL13: 0 | GM13: 0 | GN13: 29 | GO13: 0 | GP13: 0 | GQ13: 0 | GR13: 10
A14: =A13+1 -> 46034 | B14: =TEXT(A14,"DDD") -> Mon | C14: =SUM(D14:GV14) -> 3013 | D14: 0 | E14: 20 | F14: 0 | G14: 0 | H14: 58 | I14: 51 | J14: 0 | K14: 0 | L14: 0 | M14: 0 | N14: 0 | O14: 0 | P14: 50 | Q14: 25 | R14: 65 | S14: 0 | T14: 0 | U14: 0 | V14: 52 | W14: 0 | X14: 0 | Y14: 70 | Z14: 0 | AA14: 28 | AB14: 0 | AC14: 0 | AD14: 0 | AE14: 0 | AF14: 0 | AG14: 42 | AH14: 0 | AI14: 0 | AJ14: 0 | AK14: 0 | AL14: 5 | AM14: 0 | AN14: 19 | AO14: 0 | AP14: 11 | AQ14: 23 | AR14: 52 | AS14: 0 | AT14: 29 | AU14: 0 | AV14: 0 | AW14: 0 | AX14: 0 | AY14: 0 | AZ14: 60 | BA14: 0 | BB14: 42 | BC14: 0 | BD14: 0 | BE14: 0 | BF14: 0 | BG14: 47 | BH14: 0 | BI14: 0 | BJ14: 14 | BK14: 0 | BL14: 0 | BM14: 0 | BN14: 0 | BO14: 24 | BP14: 51 | BQ14: 0 | BR14: 0 | BS14: 0 | BT14: 0 | BU14: 31 | BV14: 9 | BW14: 22 | BX14: 0 | BY14: 0 | BZ14: 61 | CA14: 45 | CB14: 48 | CC14: 0 | CD14: 52 | CE14: 15 | CF14: 0 | CG14: 0 | CH14: 0 | CI14: 0 | CJ14: 183 | CK14: 0 | CL14: 50 | CM14: 0 | CN14: 0 | CO14: 0 | CP14: 0 | CQ14: 0 | CR14: 0 | CS14: 0 | CT14: 0 | CU14: 49 | CV14: 0 | CW14: 0 | CX14: 0 | CY14: 96 | CZ14: 0 | DA14: 0 | DB14: 0 | DC14: 0 | DD14: 0 | DE14: 45 | DF14: 0 | DG14: 4 | DH14: 17 | DI14: 45 | DJ14: 0 | DK14: 237 | DL14: 0 | DM14: 50 | DN14: 0 | DO14: 0 | DP14: 0 | DQ14: 14 | DR14: 70 | DS14: 0 | DT14: 62 | DU14: 0 | DV14: 0 | DW14: 0 | DX14: 0 | DY14: 0 | DZ14: 92 | EA14: 0 | EB14: 0 | EC14: 0 | ED14: 57 | EE14: 2 | EF14: 62 | EG14: 0 | EH14: 0 | EI14: 71 | EJ14: 0 | EK14: 0 | EL14: 54 | EM14: 22 | EN14: 0 | EO14: 0 | EP14: 0 | EQ14: 20 | ER14: 0 | ES14: 10 | ET14: 16 | EU14: 0 | EV14: 0 | EW14: 0 | EX14: 0 | EY14: 0 | EZ14: 0 | FA14: 0 | FB14: 0 | FC14: 0 | FD14: 0 | FE14: 0 | FF14: 23 | FG14: 0 | FH14: 0 | FI14: 28 | FJ14: 0 | FK14: 61 | FL14: 0 | FM14: 31 | FN14: 11 | FO14: 0 | FP14: 34 | FQ14: 0 | FR14: 0 | FS14: 0 | FT14: 0 | FU14: 0 | FV14: 0 | FW14: 0 | FX14: 0 | FY14: 0 | FZ14: 0 | GA14: 0 | GB14: 69 | GC14: 0 | GD14: 47 | GE14: 0 | GF14: 0 | GG14: 68 | GH14: 9 | GI14: 0 | GJ14: 37 | GK14: 0 | GL14: 0 | GM14: 48 | GN14: 32 | GO14: 0 | GP14: 34 | GQ14: 0 | GR14: 32
A15: =A14+1 -> 46035 | B15: =TEXT(A15,"DDD") -> Tue | C15: =SUM(D15:GV15) -> 2706 | D15: 0 | E15: 11 | F15: 0 | G15: 0 | H15: 28 | I15: 89 | J15: 0 | K15: 0 | L15: 0 | M15: 0 | N15: 0 | O15: 0 | P15: 41 | Q15: 43 | R15: 86 | S15: 0 | T15: 0 | U15: 0 | V15: 40 | W15: 0 | X15: 0 | Y15: 69 | Z15: 0 | AA15: 17 | AB15: 14 | AC15: 0 | AD15: 0 | AE15: 0 | AF15: 0 | AG15: 51 | AH15: 0 | AI15: 0 | AJ15: 0 | AK15: 0 | AL15: 44 | AM15: 0 | AN15: 10 | AO15: 0 | AP15: 16 | AQ15: 10 | AR15: 13 | AS15: 0 | AT15: 13 | AU15: 0 | AV15: 0 | AW15: 0 | AX15: 0 | AY15: 0 | AZ15: 32 | BA15: 0 | BB15: 44 | BC15: 0 | BD15: 0 | BE15: 0 | BF15: 0 | BG15: 59 | BH15: 0 | BI15: 0 | BJ15: 20 | BK15: 0 | BL15: 0 | BM15: 0 | BN15: 0 | BO15: 15 | BP15: 49 | BQ15: 0 | BR15: 0 | BS15: 0 | BT15: 0 | BU15: 45 | BV15: 29 | BW15: 69 | BX15: 0 | BY15: 0 | BZ15: 72 | CA15: 29 | CB15: 58 | CC15: 0 | CD15: 0 | CE15: 7 | CF15: 0 | CG15: 0 | CH15: 0 | CI15: 0 | CJ15: 139 | CK15: 0 | CL15: 50 | CM15: 0 | CN15: 0 | CO15: 0 | CP15: 0 | CQ15: 0 | CR15: 0 | CS15: 0 | CT15: 0 | CU15: 50 | CV15: 0 | CW15: 0 | CX15: 0 | CY15: 59 | CZ15: 0 | DA15: 0 | DB15: 0 | DC15: 0 | DD15: 0 | DE15: 40 | DF15: 0 | DG15: 41 | DH15: 17 | DI15: 64 | DJ15: 0 | DK15: 224 | DL15: 0 | DM15: 78 | DN15: 0 | DO15: 0 | DP15: 0 | DQ15: 18 | DR15: 44 | DS15: 0 | DT15: 57 | DU15: 0 | DV15: 0 | DW15: 0 | DX15: 0 | DY15: 0 | DZ15: 60 | EA15: 0 | EB15: 0 | EC15: 3 | ED15: 39 | EE15: 0 | EF15: 50 | EG15: 0 | EH15: 0 | EI15: 0 | EJ15: 0 | EK15: 0 | EL15: 25 | EM15: 0 | EN15: 0 | EO15: 0 | EP15: 25 | EQ15: 5 | ER15: 0 | ES15: 10 | ET15: 51 | EU15: 0 | EV15: 0 | EW15: 0 | EX15: 0 | EY15: 0 | EZ15: 0 | FA15: 0 | FB15: 0 | FC15: 0 | FD15: 0 | FE15: 0 | FF15: 14 | FG15: 0 | FH15: 0 | FI15: 50 | FJ15: 0 | FK15: 26 | FL15: 0 | FM15: 0 | FN15: 0 | FO15: 0 | FP15: 15 | FQ15: 0 | FR15: 0 | FS15: 0 | FT15: 0 | FU15: 0 | FV15: 0 | FW15: 0 | FX15: 0 | FY15: 0 | FZ15: 0 | GA15: 0 | GB15: 42 | GC15: 0 | GD15: 0 | GE15: 0 | GF15: 0 | GG15: 58 | GH15: 13 | GI15: 0 | GJ15: 58 | GK15: 0 | GL15: 0 | GM15: 88 | GN15: 15 | GO15: 0 | GP15: 31 | GQ15: 0 | GR15: 24
... A33: =A32+1 -> 46053 | B33: =TEXT(A33,"DDD") -> Sat | C33: =SUM(D33:GV33) -> 752 | D33: 0 | E33: 0 | F33: 0 | G33: 0 | H33: 0 | I33: 44 | J33: 0 | K33: 0 | L33: 0 | M33: 12 | N33: 0 | O33: 0 | P33: 6 | Q33: 0 | R33: 0 | S33: 0 | T33: 0 | U33: 0 | V33: 0 | W33: 25 | X33: 0 | Y33: 45 | Z33: 0 | AA33: 0 | AB33: 0 | AC33: 0 | AD33: 0 | AE33: 0 | AF33: 0 | AG33: 0 | AH33: 0 | AI33: 0 | AJ33: 0 | AK33: 0 | AL33: 0 | AM33: 34 | AN33: 30 | AO33: 0 | AP33: 0 | AQ33: 0 | AR33: 0 | AS33: 0 | AT33: 0 | AU33: 0 | AV33: 0 | AW33: 0 | AX33: 0 | AY33: 0 | AZ33: 0 | BA33: 0 | BB33: 0 | BC33: 0 | BD33: 0 | BE33: 0 | BF33: 50 | BG33: 0 | BH33: 0 | BI33: 0 | BJ33: 0 | BK33: 0 | BL33: 0 | BM33: 0 | BN33: 0 | BO33: 0 | BP33: 0 | BQ33: 0 | BR33: 0 | BS33: 0 | BT33: 0 | BU33: 0 | BV33: 0 | BW33: 0 | BX33: 0 | BY33: 0 | BZ33: 0 | CA33: 0 | CB33: 0 | CC33: 0 | CD33: 169 | CE33: 0 | CF33: 0 | CG33: 0 | CH33: 0 | CI33: 0 | CJ33: 30 | CK33: 0 | CL33: 0 | CM33: 0 | CN33: 0 | CO33: 0 | CP33: 0 | CQ33: 0 | CR33: 0 | CS33: 0 | CT33: 0 | CU33: 0 | CV33: 0 | CW33: 0 | CX33: 0 | CY33: 0 | CZ33: 0 | DA33: 0 | DB33: 0 | DC33: 0 | DD33: 0 | DE33: 0 | DF33: 0 | DG33: 0 | DH33: 0 | DI33: 0 | DJ33: 0 | DK33: 152 | DL33: 0 | DM33: 16 | DN33: 0 | DO33: 0 | DP33: 0 | DQ33: 0 | DR33: 0 | DS33: 0 | DT33: 0 | DU33: 0 | DV33: 0 | DW33: 0 | DX33: 0 | DY33: 0 | DZ33: 72 | EA33: 0 | EB33: 0 | EC33: 0 | ED33: 10 | EE33: 24 | EF33: 0 | EG33: 0 | EH33: 0 | EI33: 0 | EJ33: 0 | EK33: 0 | EL33: 0 | EM33: 0 | EN33: 0 | EO33: 0 | EP33: 0 | EQ33: 0 | ER33: 0 | ES33: 0 | ET33: 0 | EU33: 0 | EV33: 0 | EW33: 0 | EX33: 0 | EY33: 0 | EZ33: 0 | FA33: 0 | FB33: 0 | FC33: 0 | FD33: 0 | FE33: 0 | FF33: 0 | FG33: 0 | FH33: 0 | FI33: 0 | FJ33: 0 | FK33: 0 | FL33: 0 | FM33: 0 | FN33: 0 | FO33: 0 | FP33: 33 | FQ33: 0 | FR33: 0 | FS33: 0 | FT33: 0 | FU33: 0 | FV33: 0 | FW33: 0 | FX33: 0 | FY33: 0 | FZ33: 0 | GA33: 0 | GB33: 0 | GC33: 0 | GD33: 0 | GE33: 0 | GF33: 0 | GG33: 0 | GH33: 0 | GI33: 0 | GJ33: 0 | GK33: 0 | GL33: 0 | GM33: 0 | GN33: 0 | GO33: 0 | GP33: 0 | GQ33: 0 | GR33: 0
A34: Grand Total | C34: =SUM(C3:C33) -> 63168 | D34: =SUM(D3:D33) -> 0 | E34: =SUM(E3:E33) -> 304 | F34: =SUM(F3:F33) -> 16 | G34: =SUM(G3:G33) -> 0 | H34: =SUM(H3:H33) -> 637 | I34: =SUM(I3:I33) -> 1223 | J34: =SUM(J3:J33) -> 0 | ... GV34: =SUM(GV3:GV33) -> 0
C35: =C34+'Payroll Verisma'!C34 -> 118326
C36: 69659 | FQ36: 3126
C37: =C34-C36 -> -6491

Sheet Index
A1: Process | B1: Description | C1: Aanya | D1: Ahila Sundaresan | E1: Alekhya Pokuri | F1: Ambar Romero | G1: Amel Yousfi | H1: Amrita Singh | I1: Andrea Lorenzano | J1: Angayarkanni Kannan | K1: Angel Edwards | L1: Anitaben Patel | M1: Anjali Devunuri | N1: Anjana Vijayan | O1: Ankana Biswas Dutta | P1: Anshu Dubey | Q1: Anusha Cheerla | R1: Anusha Kulageri | S1: Anusha Prasannakumar | T1: Arcelia Finkelberg | U1: Atchaya Rangasamy Venugopal | V1: Azumi Van Scyoc | W1: Babitha Koraganti | X1: Balasubramani Kandasamy | Y1: Cecilia Hendricks | Z1: Chandana Bathina | AA1: Chandini Yellamilli | AB1: Chinmaya Jyothi Pulikallu | AC1: Damion Newell | AD1: Deepika Chintaluri | AE1: Devi Prakash | AF1: Devicharitha Malapati | AG1: Dhanalakshmi Nelluri | AH1: Dhivya Shankar | AI1: Dhivyalakshmi Vigneshwaran | AJ1: Diksha Vijaykumar More | AK1: Divya Babu | AL1: Divya Manjeshwar kamath | AM1: Divya Shree | AN1: Erianna Lockhart | AO1: Faith Ujjwala Singh | AP1: Fallyan Redd | AQ1: Farheen Hasham | AR1: Farzana Shaik | AS1: Fnu Supriya | AT1: Foua Yang | AU1: Franklin C Onyedili | AV1: Gayatri Paramsivam | AW1: Geetalakshmi Govinthara Annadhurai | AX1: Gia Erica Coleman | AY1: Hadjer Ikram Yousfi | AZ1: Haley VanNamee | BA1: Harathi Nuvuru | BB1: Hetal Shah | BC1: I-Asia Newkirk | BD1: Infanta Clara Victor Anthony | BE1: Jaya Singh | BF1: Jayashree Swain | BG1: Jhou Yang | BH1: Jyothi Venkatasubramanya | BI1: Kabila Sivasankar | BJ1: Kavya Krishnappa | BK1: Kawanna Brown | BL1: Komala Renuka Prasad | BM1: Krishnaveni | BN1: Krithika Balasubramaniam | BO1: Lakshmi Neelima Duddula | BP1: LaSere Reid Smith | BQ1: LATHA BUSIREDDY | BR1: Latrice Adams | BS1: Lavanya Vigrahala | BT1: Laxmi Sirisha Penumecha | BU1: Lipsa Padhy | BV1: Lokeswari Gummadi | BW1: Madhana Sundari Vijayarajan | BX1: Madhavi Balineni | BY1: Madhura Alva | BZ1: Madhuri Padala | CA1: Maira Becham | CB1: Manda Talwekar | CC1: Manjunath JagadishPai | CD1: Mariko Huskey | CE1: Marilyn Brown | CF1: Marina Ibrahim | CG1: Mathangi Radhakrishnan | CH1: Michelle Cox | CI1: Minakshi Deepak | CJ1: Mojisha Mohandas | CK1: Monalisa Roy | CL1: Mool Chand | CM1: Naagarashikaa Vijayakumar | CN1: Naganandhini Ganapathimaran | CO1: Namita Mishra | CP1: Namrata Sharma | CQ1: Namratha Koratala | CR1: Narmadhadevi Dharmapalan | CS1: Neena Mathew Saravanakumar | CT1: Neha Aaggarwal | CU1: Nilopher Lopes | CV1: Nitha Chathoth Kunhikrishnan | CW1: Padmapriya krishnamoorthy | CX1: Palak Porwal | CY1: Pavithra Balaji | CZ1: Pavithra Manas Panda | DA1: Pavitra Rani Allam | DB1: Pooja Solanki | DC1: Poongothai Duraisamy | DD1: Pragyan Paramita Mohanty | DE1: Pranusha Dontineni | DF1: Prasana Kotagiri | DG1: Prathima Krishnamurthy Yadav | DH1: Prathima Lakkireddy | DI1: PRAVALLIKA NUTHALAPATI | DJ1: Priti Suman | DK1: Priyadarsini Baral | DL1: Priyanka Chandrikapure | DM1: Priyanka Dey Sarkar | DN1: Priyanka Gadar | DO1: Pushpaja Vullamgunta | DP1: Rajameenakshi Sankarasubramanian | DQ1: Rajeshwari Thammineni | DR1: Ramsheena Nadathalakkel | DS1: Ramya Muralidharan | DT1: Ramya Sudarshan Palavalli | DU1: Randi Wood | DV1: Rashmi Gupta | DW1: Rashmi Kottachery | DX1: Rashmi Rangdale | DY1: Rathika Jude | DZ1: Ratnasree Gudla | EA1: Reejaramani Subramani | EB1: Reema Rasheed | EC1: Reshmi Pulickal Radhakrishnan | ED1: Rima Loganathan | EE1: Rishi Goswami | EF1: Roja Punna | EG1: Rupali Bangar | EH1: Rutuja Rajput | EI1: Sabiha Khan | EJ1: Sai Santhya Ravikumar | EK1: Sangeetha Jeyabalan | EL1: Sanjana Mandal | EM1: Sara Abdelsayed | EN1: Saranya Sabarish | EO1: Sasikala Murugesan | EP1: Sathya Ezhilan | EQ1: Sathya Naveenraj | ER1: Selvakamatchi Rajamani | ES1: Shagida Nishwan | ET1: Sharanya Madhavan | EU1: Sharmila Lakshmipathy | EV1: Sharmila Raghavan | EW1: Siddhardha Yalavarthy | EX1: Sindhu Selvaraj | EY1: Sindhu Thanigesan | EZ1: Sireesha Gottimukkala | FA1: Snehal Choudhari | FB1: Snighdha Dave | FC1: Somdutta Paul | FD1: Sonali Gupta | FE1: Sonia Mohanty | FF1: Soumya kalyanaraman | FG1: Sowjanya Ravella | FH1: Sree Nalini Uduta | FI1: Sreedevi Salapu | FJ1: Srikanya R | FK1: Srilekha Kotte | FL1: Sripriyadarshini | FM1: Srividhyalakshmi Murugadass | FN1: Sruthi Arambachalil | FO1: Subasri Swaminathan | FP1: Subhanandhini Kumarasamy | FQ1: Subhina Bhaskar | FR1: subratha suresh kamat | FS1: Suchitra Rajesh | FT1: Sudesh Goel | FU1: Sunitha nara | FV1: Swathi Kodali | FW1: SWATHI LAKSHMI GUNDURU | FX1: Swati bartake | FY1: Swati Ghogare | FZ1: Sweety Ranka | GA1: Tapasi Rath | GB1: Tarshik Spurling | GC1: Tej Patel | GD1: Umamaheswari Shanmugam | GE1: Usha Devi Singaravelu | GF1: Vaishnavi Devi Bunja Dhinakaran | GG1: Valarmathi Magudeswaran | GH1: Valliammai Ramanathan | GI1: Vani Hanumantu | GJ1: Varsha Javali | GK1: Vasuda Rawal | GL1: Vasudha Kodi | GM1: Venkata Vemuri | GN1: Vidya Thirunavukkarasu | GO1: Vijayalakshmi Bhaskaran | GP1: Vyom Bhandari | GQ1: Yazhini Ravichandran | GR1: Kely
A2: Payroll Logging | B2: =SUM(C2:GR2) -> 52690.2 | C2: =IFERROR(HLOOKUP(C1,Payroll!D1:FC19,19,0),0) -> 0 | D2: =IFERROR(HLOOKUP(D1,Payroll!E1:FC19,19,0),0) -> 270.5 | E2: =IFERROR(HLOOKUP(E1,Payroll!F1:FC19,19,0),0) -> 8 | F2: =IFERROR(HLOOKUP(F1,Payroll!G1:FC19,19,0),0) -> 8 | G2: =IFERROR(HLOOKUP(G1,Payroll!H1:FC19,19,0),0) -> 318.5 | H2: =IFERROR(HLOOKUP(H1,Payroll!I1:FC19,19,0),0) -> 377 | I2: =IFERROR(HLOOKUP(I1,Payroll!J1:FC19,19,0),0) -> 0 | J2: =IFERROR(HLOOKUP(J1,Payroll!K1:FC19,19,0),0) -> 10.5 | K2: =IFERROR(HLOOKUP(K1,Payroll!L1:FC19,19,0),0) -> 0 | L2: =IFERROR(HLOOKUP(L1,Payroll!M1:FC19,19,0),0) -> 0 | M2: =IFERROR(HLOOKUP(M1,Payroll!N1:FC19,19,0),0) -> 447 | N2: =IFERROR(HLOOKUP(N1,Payroll!O1:FC19,19,0),0) -> 336 | O2: =IFERROR(HLOOKUP(O1,Payroll!P1:FC19,19,0),0) -> 0 | P2: =IFERROR(HLOOKUP(P1,Payroll!Q1:FC19,19,0),0) -> 333.5 | Q2: =IFERROR(HLOOKUP(Q1,Payroll!R1:FC19,19,0),0) -> 1059 | R2: =IFERROR(HLOOKUP(R1,Payroll!S1:FC19,19,0),0) -> 454.5 | S2: =IFERROR(HLOOKUP(S1,Payroll!T1:FC19,19,0),0) -> 1801.8 | T2: =IFERROR(HLOOKUP(T1,Payroll!U1:FC19,19,0),0) -> 10 | U2: =IFERROR(HLOOKUP(U1,Payroll!V1:FC19,19,0),0) -> 150 | V2: =IFERROR(HLOOKUP(V1,Payroll!W1:FC19,19,0),0) -> 19.5 | W2: =IFERROR(HLOOKUP(W1,Payroll!X1:FC19,19,0),0) -> 1 | X2: =IFERROR(HLOOKUP(X1,Payroll!Y1:FC19,19,0),0) -> 190 | Y2: =IFERROR(HLOOKUP(Y1,Payroll!Z1:FC19,19,0),0) -> 407 | Z2: =IFERROR(HLOOKUP(Z1,Payroll!AA1:FC19,19,0),0) -> 201.5 | AA2: =IFERROR(HLOOKUP(AA1,Payroll!AB1:FC19,19,0),0) -> 248.5 | AB2: =IFERROR(HLOOKUP(AB1,Payroll!AC1:FC19,19,0),0) -> 0 | AC2: =IFERROR(HLOOKUP(AC1,Payroll!AD1:FC19,19,0),0) -> 578 | AD2: =IFERROR(HLOOKUP(AD1,Payroll!AE1:FC19,19,0),0) -> 61.5 | AE2: =IFERROR(HLOOKUP(AE1,Payroll!AF1:FC19,19,0),0) -> 12.5 | AF2: =IFERROR(HLOOKUP(AF1,Payroll!AG1:FC19,19,0),0) -> 396.5 | AG2: =IFERROR(HLOOKUP(AG1,Payroll!AH1:FC19,19,0),0) -> 126 | AH2: =IFERROR(HLOOKUP(AH1,Payroll!AI1:FC19,19,0),0) -> 119.5 | AI2: =IFERROR(HLOOKUP(AI1,Payroll!AJ1:FC19,19,0),0) -> 0 | AJ2: =IFERROR(HLOOKUP(AJ1,Payroll!AK1:FC19,19,0),0) -> 73 | AK2: =IFERROR(HLOOKUP(AK1,Payroll!AL1:FC19,19,0),0) -> 0 | AL2: =IFERROR(HLOOKUP(AL1,Payroll!AM1:FC19,19,0),0) -> 0 | AM2: =IFERROR(HLOOKUP(AM1,Payroll!AN1:FC19,19,0),0) -> 90 | AN2: =IFERROR(HLOOKUP(AN1,Payroll!AO1:FC19,19,0),0) -> 16.5 | AO2: =IFERROR(HLOOKUP(AO1,Payroll!AP1:FC19,19,0),0) -> 146.5 | AP2: =IFERROR(HLOOKUP(AP1,Payroll!AQ1:FC19,19,0),0) -> 53 | AQ2: =IFERROR(HLOOKUP(AQ1,Payroll!AR1:FC19,19,0),0) -> 205 | AR2: =IFERROR(HLOOKUP(AR1,Payroll!AS1:FC19,19,0),0) -> 0 | AS2: =IFERROR(HLOOKUP(AS1,Payroll!AT1:FC19,19,0),0) -> 283.5 | AT2: =IFERROR(HLOOKUP(AT1,Payroll!AU1:FC19,19,0),0) -> 85.5 | AU2: =IFERROR(HLOOKUP(AU1,Payroll!AV1:FC19,19,0),0) -> 36 | AV2: =IFERROR(HLOOKUP(AV1,Payroll!AW1:FC19,19,0),0) -> 413 | AW2: =IFERROR(HLOOKUP(AW1,Payroll!AX1:FC19,19,0),0) -> 580.5 | AX2: =IFERROR(HLOOKUP(AX1,Payroll!AY1:FC19,19,0),0) -> 29 | AY2: =IFERROR(HLOOKUP(AY1,Payroll!AZ1:FC19,19,0),0) -> 126 | AZ2: =IFERROR(HLOOKUP(AZ1,Payroll!BA1:FC19,19,0),0) -> 687 | BA2: =IFERROR(HLOOKUP(BA1,Payroll!BB1:FC19,19,0),0) -> 451.5 | BB2: =IFERROR(HLOOKUP(BB1,Payroll!BC1:FC19,19,0),0) -> 157 | BC2: =IFERROR(HLOOKUP(BC1,Payroll!BD1:FC19,19,0),0) -> 868 | BD2: =IFERROR(HLOOKUP(BD1,Payroll!BE1:FC19,19,0),0) -> 293 | BE2: =IFERROR(HLOOKUP(BE1,Payroll!BF1:FC19,19,0),0) -> 0 | BF2: =IFERROR(HLOOKUP(BF1,Payroll!BG1:FC19,19,0),0) -> 358 | BG2: =IFERROR(HLOOKUP(BG1,Payroll!BH1:FC19,19,0),0) -> 51.5 | BH2: =IFERROR(HLOOKUP(BH1,Payroll!BI1:FC19,19,0),0) -> 392 | BI2: =IFERROR(HLOOKUP(BI1,Payroll!BJ1:FC19,19,0),0) -> 182.5 | BJ2: =IFERROR(HLOOKUP(BJ1,Payroll!BK1:FC19,19,0),0) -> 2 | BK2: =IFERROR(HLOOKUP(BK1,Payroll!BL1:FC19,19,0),0) -> 404 | BL2: =IFERROR(HLOOKUP(BL1,Payroll!BM1:FC19,19,0),0) -> 5 | BM2: =IFERROR(HLOOKUP(BM1,Payroll!BN1:FC19,19,0),0) -> 246 | BN2: =IFERROR(HLOOKUP(BN1,Payroll!BO1:FC19,19,0),0) -> 259 | BO2: =IFERROR(HLOOKUP(BO1,Payroll!BP1:FC19,19,0),0) -> 167 | BP2: =IFERROR(HLOOKUP(BP1,Payroll!BQ1:FC19,19,0),0) -> 261 | BQ2: =IFERROR(HLOOKUP(BQ1,Payroll!BR1:FC19,19,0),0) -> 0 | BR2: =IFERROR(HLOOKUP(BR1,Payroll!BS1:FC19,19,0),0) -> 170 | BS2: =IFERROR(HLOOKUP(BS1,Payroll!BT1:FC19,19,0),0) -> 0 | BT2: =IFERROR(HLOOKUP(BT1,Payroll!BU1:FC19,19,0),0) -> 388.5 | BU2: =IFERROR(HLOOKUP(BU1,Payroll!BV1:FC19,19,0),0) -> 179 | BV2: =IFERROR(HLOOKUP(BV1,Payroll!BW1:FC19,19,0),0) -> 448.5 | BW2: =IFERROR(HLOOKUP(BW1,Payroll!BX1:FC19,19,0),0) -> 0 | BX2: =IFERROR(HLOOKUP(BX1,Payroll!BY1:FC19,19,0),0) -> 2 | BY2: =IFERROR(HLOOKUP(BY1,Payroll!BZ1:FC19,19,0),0) -> 293.5 | BZ2: =IFERROR(HLOOKUP(BZ1,Payroll!CA1:FC19,19,0),0) -> 496.5 | CA2: =IFERROR(HLOOKUP(CA1,Payroll!CB1:FC19,19,0),0) -> 497.5 | CB2: =IFERROR(HLOOKUP(CB1,Payroll!CC1:FC19,19,0),0) -> 240.5 | CC2: =IFERROR(HLOOKUP(CC1,Payroll!CD1:FC19,19,0),0) -> 2215.2 | CD2: =IFERROR(HLOOKUP(CD1,Payroll!CE1:FC19,19,0),0) -> 8 | CE2: =IFERROR(HLOOKUP(CE1,Payroll!CF1:FC19,19,0),0) -> 85 | CF2: =IFERROR(HLOOKUP(CF1,Payroll!CG1:FC19,19,0),0) -> 2.5 | CG2: =IFERROR(HLOOKUP(CG1,Payroll!CH1:FC19,19,0),0) -> 482.5 | CH2: =IFERROR(HLOOKUP(CH1,Payroll!CI1:FC19,19,0),0) -> 0 | CI2: =IFERROR(HLOOKUP(CI1,Payroll!CJ1:FC19,19,0),0) -> 1977 | CJ2: =IFERROR(HLOOKUP(CJ1,Payroll!CK1:FC19,19,0),0) -> 15 | CK2: =IFERROR(HLOOKUP(CK1,Payroll!CL1:FC19,19,0),0) -> 0.5 | CL2: =IFERROR(HLOOKUP(CL1,Payroll!CM1:FC19,19,0),0) -> 0 | CM2: =IFERROR(HLOOKUP(CM1,Payroll!CN1:FC19,19,0),0) -> 420 | CN2: =IFERROR(HLOOKUP(CN1,Payroll!CO1:FC19,19,0),0) -> 13 | CO2: =IFERROR(HLOOKUP(CO1,Payroll!CP1:FC19,19,0),0) -> 296.5 | CP2: =IFERROR(HLOOKUP(CP1,Payroll!CQ1:FC19,19,0),0) -> 0 | CQ2: =IFERROR(HLOOKUP(CQ1,Payroll!CR1:FC19,19,0),0) -> 0 | CR2: =IFERROR(HLOOKUP(CR1,Payroll!CS1:FC19,19,0),0) -> 53.5 | CS2: =IFERROR(HLOOKUP(CS1,Payroll!CT1:FC19,19,0),0) -> 312 | CT2: =IFERROR(HLOOKUP(CT1,Payroll!CU1:FC19,19,0),0) -> 10 | CU2: =IFERROR(HLOOKUP(CU1,Payroll!CV1:FC19,19,0),0) -> 57 | CV2: =IFERROR(HLOOKUP(CV1,Payroll!CW1:FC19,19,0),0) -> 5 | CW2: =IFERROR(HLOOKUP(CW1,Payroll!CX1:FC19,19,0),0) -> 0 | CX2: =IFERROR(HLOOKUP(CX1,Payroll!CY1:FC19,19,0),0) -> 54.5 | CY2: =IFERROR(HLOOKUP(CY1,Payroll!CZ1:FC19,19,0),0) -> 283.5 | CZ2: =IFERROR(HLOOKUP(CZ1,Payroll!DA1:FC19,19,0),0) -> 373 | DA2: =IFERROR(HLOOKUP(DA1,Payroll!DB1:FC19,19,0),0) -> 0 | DB2: =IFERROR(HLOOKUP(DB1,Payroll!DC1:FC19,19,0),0) -> 2.5 | DC2: =IFERROR(HLOOKUP(DC1,Payroll!DD1:FC19,19,0),0) -> 248 | DD2: =IFERROR(HLOOKUP(DD1,Payroll!DE1:FC19,19,0),0) -> 41 | DE2: =IFERROR(HLOOKUP(DE1,Payroll!DF1:FC19,19,0),0) -> 0 | DF2: =IFERROR(HLOOKUP(DF1,Payroll!DG1:FC19,19,0),0) -> 270.5 | DG2: =IFERROR(HLOOKUP(DG1,Payroll!DH1:FC19,19,0),0) -> 123 | DH2: =IFERROR(HLOOKUP(DH1,Payroll!DI1:FC19,19,0),0) -> 909.5 | DI2: =IFERROR(HLOOKUP(DI1,Payroll!DJ1:FC19,19,0),0) -> 7 | DJ2: =IFERROR(HLOOKUP(DJ1,Payroll!DK1:FC19,19,0),0) -> 2009.4 | DK2: =IFERROR(HLOOKUP(DK1,Payroll!DL1:FC19,19,0),0) -> 126.5 | DL2: =IFERROR(HLOOKUP(DL1,Payroll!DM1:FC19,19,0),0) -> 152.5 | DM2: =IFERROR(HLOOKUP(DM1,Payroll!DN1:FC19,19,0),0) -> 740 | DN2: =IFERROR(HLOOKUP(DN1,Payroll!DO1:FC19,19,0),0) -> 67 | DO2: =IFERROR(HLOOKUP(DO1,Payroll!DP1:FC19,19,0),0) -> 162.5 | DP2: =IFERROR(HLOOKUP(DP1,Payroll!DQ1:FC19,19,0),0) -> 346 | DQ2: =IFERROR(HLOOKUP(DQ1,Payroll!DR1:FC19,19,0),0) -> 634.5 | DR2: =IFERROR(HLOOKUP(DR1,Payroll!DS1:FC19,19,0),0) -> 489 | DS2: =IFERROR(HLOOKUP(DS1,Payroll!DT1:FC19,19,0),0) -> 534 | DT2: =IFERROR(HLOOKUP(DT1,Payroll!DU1:FC19,19,0),0) -> 192.5 | DU2: =IFERROR(HLOOKUP(DU1,Payroll!DV1:FC19,19,0),0) -> 6 | DV2: =IFERROR(HLOOKUP(DV1,Payroll!DW1:FC19,19,0),0) -> 7 | DW2: =IFERROR(HLOOKUP(DW1,Payroll!DX1:FC19,19,0),0) -> 301.5 | DX2: =IFERROR(HLOOKUP(DX1,Payroll!DY1:FC19,19,0),0) -> 399.5 | DY2: =IFERROR(HLOOKUP(DY1,Payroll!DZ1:FC19,19,0),0) -> 591.5 | DZ2: =IFERROR(HLOOKUP(DZ1,Payroll!EA1:FC19,19,0),0) -> 3 | EA2: =IFERROR(HLOOKUP(EA1,Payroll!EB1:FC19,19,0),0) -> 405.5 | EB2: =IFERROR(HLOOKUP(EB1,Payroll!EC1:FC19,19,0),0) -> 112.5 | EC2: =IFERROR(HLOOKUP(EC1,Payroll!ED1:FC19,19,0),0) -> 757.5 | ED2: =IFERROR(HLOOKUP(ED1,Payroll!EE1:FC19,19,0),0) -> 116 | EE2: =IFERROR(HLOOKUP(EE1,Payroll!EF1:FC19,19,0),0) -> 544.5 | EF2: =IFERROR(HLOOKUP(EF1,Payroll!EG1:FC19,19,0),0) -> 39 | EG2: =IFERROR(HLOOKUP(EG1,Payroll!EH1:FC19,19,0),0) -> 78.5 | EH2: =IFERROR(HLOOKUP(EH1,Payroll!EI1:FC19,19,0),0) -> 509.5 | EI2: =IFERROR(HLOOKUP(EI1,Payroll!EJ1:FC19,19,0),0) -> 322.5 | EJ2: =IFERROR(HLOOKUP(EJ1,Payroll!EK1:FC19,19,0),0) -> 364 | EK2: =IFERROR(HLOOKUP(EK1,Payroll!EL1:FC19,19,0),0) -> 383.5 | EL2: =IFERROR(HLOOKUP(EL1,Payroll!EM1:FC19,19,0),0) -> 347 | EM2: =IFERROR(HLOOKUP(EM1,Payroll!EN1:FC19,19,0),0) -> 172.5 | EN2: =IFERROR(HLOOKUP(EN1,Payroll!EO1:FC19,19,0),0) -> 364.5 | EO2: =IFERROR(HLOOKUP(EO1,Payroll!EP1:FC19,19,0),0) -> 186 | EP2: =IFERROR(HLOOKUP(EP1,Payroll!EQ1:FC19,19,0),0) -> 118 | EQ2: =IFERROR(HLOOKUP(EQ1,Payroll!ER1:FC19,19,0),0) -> 194.5 | ER2: =IFERROR(HLOOKUP(ER1,Payroll!ES1:FC19,19,0),0) -> 118 | ES2: =IFERROR(HLOOKUP(ES1,Payroll!ET1:FC19,19,0),0) -> 209.5 | ET2: =IFERROR(HLOOKUP(ET1,Payroll!EU1:FC19,19,0),0) -> 681 | EU2: =IFERROR(HLOOKUP(EU1,Payroll!EV1:FC19,19,0),0) -> 682 | EV2: =IFERROR(HLOOKUP(EV1,Payroll!EW1:FC19,19,0),0) -> 198.5 | EW2: =IFERROR(HLOOKUP(EW1,Payroll!EX1:FC19,19,0),0) -> 265 | EX2: =IFERROR(HLOOKUP(EX1,Payroll!EY1:FC19,19,0),0) -> 254 | EY2: =IFERROR(HLOOKUP(EY1,Payroll!EZ1:FC19,19,0),0) -> 127 | EZ2: =IFERROR(HLOOKUP(EZ1,Payroll!FA1:FC19,19,0),0) -> 0 | FA2: =IFERROR(HLOOKUP(FA1,Payroll!FB1:FC19,19,0),0) -> 185 | FB2: =IFERROR(HLOOKUP(FB1,Payroll!FC1:FC19,19,0),0) -> 0 | FC2: =IFERROR(HLOOKUP(FC1,Payroll!FD1:FD19,19,0),0) -> 49 | FD2: =IFERROR(HLOOKUP(FD1,Payroll!FE1:FE19,19,0),0) -> 0 | FE2: =IFERROR(HLOOKUP(FE1,Payroll!FF1:FF19,19,0),0) -> 86 | FF2: =IFERROR(HLOOKUP(FF1,Payroll!FG1:FG19,19,0),0) -> 6.5 | FG2: =IFERROR(HLOOKUP(FG1,Payroll!FH1:FH19,19,0),0) -> 2704 | FH2: =IFERROR(HLOOKUP(FH1,Payroll!FI1:FI19,19,0),0) -> 229 | FI2: =IFERROR(HLOOKUP(FI1,Payroll!FJ1:FJ19,19,0),0) -> 13 | ... GQ2: =IFERROR(HLOOKUP(GQ1,Payroll!GR1:GR19,19,0),0) -> 294.5 | GR2: =IFERROR(HLOOKUP(GR1,Payroll!#REF!,19,0),0) -> 0
A3: For Training and support/Rewards | B3: =SUM(C3:GR3) -> 17500 | D3: 2000 | I3: 2500 | CC3: 2000 | CL3: 2500 | DW3: 6500 | FU3: 1200 | GR3: 800
A4: Admin Work | B4: =SUM(C4:GR4) -> 2000 | FC4: 0 | FD4: 0 | FE4: 0 | FF4: 0 | FG4: 0 | FH4: 0 | FI4: 0 | FJ4: 0 | FK4: 0 | FL4: 0 | FM4: 0 | FN4: 0 | FO4: 0 | FP4: 0 | FQ4: 0 | FR4: 0 | FS4: 0 | FT4: 0 | FU4: 0 | FV4: 0 | FW4: 0 | FX4: 0 | FY4: 0 | FZ4: 0 | GA4: 0 | GB4: 0 | GC4: 0 | GD4: 0 | GE4: 0 | GF4: 0 | GG4: 0 | GH4: 0 | GI4: 0 | GJ4: 0 | GK4: 0 | GL4: 0 | GM4: 0 | GN4: 0 | GO4: 0 | GP4: 0 | GQ4: 0 | GR4: 2000
A5: Verisma and MRO Processing | B5: =SUM(C5:GR5) -> 32743.2 | C5: =IFERROR(HLOOKUP(C1,'Processing Count'!$H$27:$GZ$62,34,0),0)+IFERROR(HLOOKUP(C1,'Processing Count'!$H$1:$GZ$25,25,0),0) -> 0 | D5: =IFERROR(HLOOKUP(D1,'Processing Count'!$H$27:$GZ$62,34,0),0)+IFERROR(HLOOKUP(D1,'Processing Count'!$H$1:$GZ$25,25,0),0) -> 77.25 | E5: =IFERROR(HLOOKUP(E1,'Processing Count'!$H$27:$GZ$62,34,0),0)+IFERROR(HLOOKUP(E1,'Processing Count'!$H$1:$GZ$25,25,0),0) -> 0 | F5: =IFERROR(HLOOKUP(F1,'Processing Count'!$H$27:$GZ$62,34,0),0)+IFERROR(HLOOKUP(F1,'Processing Count'!$H$1:$GZ$25,25,0),0) -> 0 | G5: =IFERROR(HLOOKUP(G1,'Processing Count'!$H$27:$GZ$62,34,0),0)+IFERROR(HLOOKUP(G1,'Processing Count'!$H$1:$GZ$25,25,0),0) -> 0 | H5: =IFERROR(HLOOKUP(H1,'Processing Count'!$H$27:$GZ$62,34,0),0)+IFERROR(HLOOKUP(H1,'Processing Count'!$H$1:$GZ$25,25,0),0) -> 814.25 | I5: =IFERROR(HLOOKUP(I1,'Processing Count'!$H$27:$GZ$62,34,0),0)+IFERROR(HLOOKUP(I1,'Processing Count'!$H$1:$GZ$25,25,0),0) -> 0 | J5: =IFERROR(HLOOKUP(J1,'Processing Count'!$H$27:$GZ$62,34,0),0)+IFERROR(HLOOKUP(J1,'Processing Count'!$H$1:$GZ$25,25,0),0) -> 0 | ... GR5: =IFERROR(HLOOKUP(GR1,'Processing Count'!$H$27:$GZ$62,34,0),0)+IFERROR(HLOOKUP(GR1,'Processing Count'!$H$1:$GZ$25,25,0),0) -> 0
A6: Datavant | B6: =SUM(C6:GR6) -> 39748.25 | C6: =IFERROR(HLOOKUP(C1,'Payroll Datavant'!C1:FP6,6,0),0) -> 0 | D6: =IFERROR(HLOOKUP(D1,'Payroll Datavant'!D1:FP6,6,0),0) -> 1923.25 | E6: =IFERROR(HLOOKUP(E1,'Payroll Datavant'!E1:FP6,6,0),0) -> 0 | F6: =IFERROR(HLOOKUP(F1,'Payroll Datavant'!F1:FP6,6,0),0) -> 0 | G6: =IFERROR(HLOOKUP(G1,'Payroll Datavant'!G1:FP6,6,0),0) -> 0 | H6: =IFERROR(HLOOKUP(H1,'Payroll Datavant'!H1:FP6,6,0),0) -> 0 | I6: =IFERROR(HLOOKUP(I1,'Payroll Datavant'!I1:FP6,6,0),0) -> 528.75 | J6: =IFERROR(HLOOKUP(J1,'Payroll Datavant'!J1:FP6,6,0),0) -> 0 | K6: =IFERROR(HLOOKUP(K1,'Payroll Datavant'!K1:FP6,6,0),0) -> 0 | L6: =IFERROR(HLOOKUP(L1,'Payroll Datavant'!L1:FP6,6,0),0) -> 157.5 | M6: =IFERROR(HLOOKUP(M1,'Payroll Datavant'!M1:FP6,6,0),0) -> 0 | N6: =IFERROR(HLOOKUP(N1,'Payroll Datavant'!N1:FP6,6,0),0) -> 0 | O6: =IFERROR(HLOOKUP(O1,'Payroll Datavant'!O1:FP6,6,0),0) -> 0 | P6: =IFERROR(HLOOKUP(P1,'Payroll Datavant'!P1:FP6,6,0),0) -> 0 | Q6: =IFERROR(HLOOKUP(Q1,'Payroll Datavant'!Q1:FP6,6,0),0) -> 0 | R6: =IFERROR(HLOOKUP(R1,'Payroll Datavant'!R1:FP6,6,0),0) -> 0 | S6: =IFERROR(HLOOKUP(S1,'Payroll Datavant'!S1:FP6,6,0),0) -> 0 | T6: =IFERROR(HLOOKUP(T1,'Payroll Datavant'!T1:FP6,6,0),0) -> 0 | U6: =IFERROR(HLOOKUP(U1,'Payroll Datavant'!U1:FP6,6,0),0) -> 0 | V6: =IFERROR(HLOOKUP(V1,'Payroll Datavant'!V1:FP6,6,0),0) -> 496 | W6: =IFERROR(HLOOKUP(W1,'Payroll Datavant'!W1:FP6,6,0),0) -> 0 | X6: =IFERROR(HLOOKUP(X1,'Payroll Datavant'!X1:FP6,6,0),0) -> 0 | Y6: =IFERROR(HLOOKUP(Y1,'Payroll Datavant'!Y1:FP6,6,0),0) -> 0 | Z6: =IFERROR(HLOOKUP(Z1,'Payroll Datavant'!Z1:FP6,6,0),0) -> 0 | AA6: =IFERROR(HLOOKUP(AA1,'Payroll Datavant'!AA1:FP6,6,0),0) -> 0 | AB6: =IFERROR(HLOOKUP(AB1,'Payroll Datavant'!AB1:FP6,6,0),0) -> 17.5 | AC6: =IFERROR(HLOOKUP(AC1,'Payroll Datavant'!AC1:FP6,6,0),0) -> 0 | AD6: =IFERROR(HLOOKUP(AD1,'Payroll Datavant'!AD1:FP6,6,0),0) -> 353.25 | AE6: =IFERROR(HLOOKUP(AE1,'Payroll Datavant'!AE1:FP6,6,0),0) -> 0 | AF6: =IFERROR(HLOOKUP(AF1,'Payroll Datavant'!AF1:FP6,6,0),0) -> 0 | AG6: =IFERROR(HLOOKUP(AG1,'Payroll Datavant'!AG1:FP6,6,0),0) -> 0 | AH6: =IFERROR(HLOOKUP(AH1,'Payroll Datavant'!AH1:FP6,6,0),0) -> 1167.25 | AI6: =IFERROR(HLOOKUP(AI1,'Payroll Datavant'!AI1:FP6,6,0),0) -> 2050 | AJ6: =IFERROR(HLOOKUP(AJ1,'Payroll Datavant'!AJ1:FP6,6,0),0) -> 367 | AK6: =IFERROR(HLOOKUP(AK1,'Payroll Datavant'!AK1:FP6,6,0),0) -> 314 | AL6: =IFERROR(HLOOKUP(AL1,'Payroll Datavant'!AL1:FP6,6,0),0) -> 1657.5 | AM6: =IFERROR(HLOOKUP(AM1,'Payroll Datavant'!AM1:FP6,6,0),0) -> 0 | AN6: =IFERROR(HLOOKUP(AN1,'Payroll Datavant'!AN1:FP6,6,0),0) -> 0 | AO6: =IFERROR(HLOOKUP(AO1,'Payroll Datavant'!AO1:FP6,6,0),0) -> 0 | AP6: =IFERROR(HLOOKUP(AP1,'Payroll Datavant'!AP1:FP6,6,0),0) -> 0 | AQ6: =IFERROR(HLOOKUP(AQ1,'Payroll Datavant'!AQ1:FP6,6,0),0) -> 599.75 | AR6: =IFERROR(HLOOKUP(AR1,'Payroll Datavant'!AR1:FP6,6,0),0) -> 514.25 | AS6: =IFERROR(HLOOKUP(AS1,'Payroll Datavant'!AS1:FP6,6,0),0) -> 564.75 | AT6: =IFERROR(HLOOKUP(AT1,'Payroll Datavant'!AT1:FP6,6,0),0) -> 0 | AU6: =IFERROR(HLOOKUP(AU1,'Payroll Datavant'!AU1:FP6,6,0),0) -> 0 | AV6: =IFERROR(HLOOKUP(AV1,'Payroll Datavant'!AV1:FP6,6,0),0) -> 0 | AW6: =IFERROR(HLOOKUP(AW1,'Payroll Datavant'!AW1:FP6,6,0),0) -> 0 | AX6: =IFERROR(HLOOKUP(AX1,'Payroll Datavant'!AX1:FP6,6,0),0) -> 0 | AY6: =IFERROR(HLOOKUP(AY1,'Payroll Datavant'!AY1:FP6,6,0),0) -> 0 | AZ6: =IFERROR(HLOOKUP(AZ1,'Payroll Datavant'!AZ1:FP6,6,0),0) -> 0 | BA6: =IFERROR(HLOOKUP(BA1,'Payroll Datavant'!BA1:FP6,6,0),0) -> 0 | BB6: =IFERROR(HLOOKUP(BB1,'Payroll Datavant'!BB1:FP6,6,0),0) -> 2285.25 | BC6: =IFERROR(HLOOKUP(BC1,'Payroll Datavant'!BC1:FP6,6,0),0) -> 0 | BD6: =IFERROR(HLOOKUP(BD1,'Payroll Datavant'!BD1:FP6,6,0),0) -> 0 | BE6: =IFERROR(HLOOKUP(BE1,'Payroll Datavant'!BE1:FP6,6,0),0) -> 249 | BF6: =IFERROR(HLOOKUP(BF1,'Payroll Datavant'!BF1:FP6,6,0),0) -> 0 | BG6: =IFERROR(HLOOKUP(BG1,'Payroll Datavant'!BG1:FP6,6,0),0) -> 0 | BH6: =IFERROR(HLOOKUP(BH1,'Payroll Datavant'!BH1:FP6,6,0),0) -> 0 | BI6: =IFERROR(HLOOKUP(BI1,'Payroll Datavant'!BI1:FP6,6,0),0) -> 0 | BJ6: =IFERROR(HLOOKUP(BJ1,'Payroll Datavant'!BJ1:FP6,6,0),0) -> 0 | BK6: =IFERROR(HLOOKUP(BK1,'Payroll Datavant'!BK1:FP6,6,0),0) -> 0 | BL6: =IFERROR(HLOOKUP(BL1,'Payroll Datavant'!BL1:FP6,6,0),0) -> 0 | BM6: =IFERROR(HLOOKUP(BM1,'Payroll Datavant'!BM1:FP6,6,0),0) -> 931.75 | BN6: =IFERROR(HLOOKUP(BN1,'Payroll Datavant'!BN1:FP6,6,0),0) -> 0 | BO6: =IFERROR(HLOOKUP(BO1,'Payroll Datavant'!BO1:FP6,6,0),0) -> 0 | BP6: =IFERROR(HLOOKUP(BP1,'Payroll Datavant'!BP1:FP6,6,0),0) -> 485.5 | BQ6: =IFERROR(HLOOKUP(BQ1,'Payroll Datavant'!BQ1:FP6,6,0),0) -> 0 | BR6: =IFERROR(HLOOKUP(BR1,'Payroll Datavant'!BR1:FP6,6,0),0) -> 0 | BS6: =IFERROR(HLOOKUP(BS1,'Payroll Datavant'!BS1:FP6,6,0),0) -> 0 | BT6: =IFERROR(HLOOKUP(BT1,'Payroll Datavant'!BT1:FP6,6,0),0) -> 0 | BU6: =IFERROR(HLOOKUP(BU1,'Payroll Datavant'!BU1:FP6,6,0),0) -> 121.75 | BV6: =IFERROR(HLOOKUP(BV1,'Payroll Datavant'!BV1:FP6,6,0),0) -> 0 | BW6: =IFERROR(HLOOKUP(BW1,'Payroll Datavant'!BW1:FP6,6,0),0) -> 0 | BX6: =IFERROR(HLOOKUP(BX1,'Payroll Datavant'!BX1:FP6,6,0),0) -> 0 | BY6: =IFERROR(HLOOKUP(BY1,'Payroll Datavant'!BY1:FP6,6,0),0) -> 0 | BZ6: =IFERROR(HLOOKUP(BZ1,'Payroll Datavant'!BZ1:FP6,6,0),0) -> 0 | CA6: =IFERROR(HLOOKUP(CA1,'Payroll Datavant'!CA1:FP6,6,0),0) -> 386.5 | CB6: =IFERROR(HLOOKUP(CB1,'Payroll Datavant'!CB1:FP6,6,0),0) -> 0 | CC6: =IFERROR(HLOOKUP(CC1,'Payroll Datavant'!CC1:FP6,6,0),0) -> 0 | CD6: =IFERROR(HLOOKUP(CD1,'Payroll Datavant'!CD1:FP6,6,0),0) -> 366.75 | CE6: =IFERROR(HLOOKUP(CE1,'Payroll Datavant'!CE1:FP6,6,0),0) -> 0 | CF6: =IFERROR(HLOOKUP(CF1,'Payroll Datavant'!CF1:FP6,6,0),0) -> 0 | CG6: =IFERROR(HLOOKUP(CG1,'Payroll Datavant'!CG1:FP6,6,0),0) -> 0 | CH6: =IFERROR(HLOOKUP(CH1,'Payroll Datavant'!CH1:FP6,6,0),0) -> 1518 | CI6: =IFERROR(HLOOKUP(CI1,'Payroll Datavant'!CI1:FP6,6,0),0) -> 107.5 | CJ6: =IFERROR(HLOOKUP(CJ1,'Payroll Datavant'!CJ1:FP6,6,0),0) -> 0 | CK6: =IFERROR(HLOOKUP(CK1,'Payroll Datavant'!CK1:FP6,6,0),0) -> 0 | CL6: =IFERROR(HLOOKUP(CL1,'Payroll Datavant'!CL1:FP6,6,0),0) -> 0 | CM6: =IFERROR(HLOOKUP(CM1,'Payroll Datavant'!CM1:FP6,6,0),0) -> 0 | CN6: =IFERROR(HLOOKUP(CN1,'Payroll Datavant'!CN1:FP6,6,0),0) -> 32.75 | CO6: =IFERROR(HLOOKUP(CO1,'Payroll Datavant'!CO1:FP6,6,0),0) -> 1194.25 | CP6: =IFERROR(HLOOKUP(CP1,'Payroll Datavant'!CP1:FP6,6,0),0) -> 1290 | CQ6: =IFERROR(HLOOKUP(CQ1,'Payroll Datavant'!CQ1:FP6,6,0),0) -> 230.75 | CR6: =IFERROR(HLOOKUP(CR1,'Payroll Datavant'!CR1:FP6,6,0),0) -> 0 | CS6: =IFERROR(HLOOKUP(CS1,'Payroll Datavant'!CS1:FP6,6,0),0) -> 0 | CT6: =IFERROR(HLOOKUP(CT1,'Payroll Datavant'!CT1:FP6,6,0),0) -> 125.25 | CU6: =IFERROR(HLOOKUP(CU1,'Payroll Datavant'!CU1:FP6,6,0),0) -> 567.25 | CV6: =IFERROR(HLOOKUP(CV1,'Payroll Datavant'!CV1:FP6,6,0),0) -> 0 | CW6: =IFERROR(HLOOKUP(CW1,'Payroll Datavant'!CW1:FP6,6,0),0) -> 0 | CX6: =IFERROR(HLOOKUP(CX1,'Payroll Datavant'!CX1:FP6,6,0),0) -> 0 | CY6: =IFERROR(HLOOKUP(CY1,'Payroll Datavant'!CY1:FP6,6,0),0) -> 0 | CZ6: =IFERROR(HLOOKUP(CZ1,'Payroll Datavant'!CZ1:FP6,6,0),0) -> 0 | DA6: =IFERROR(HLOOKUP(DA1,'Payroll Datavant'!DA1:FP6,6,0),0) -> 3752.75 | DB6: =IFERROR(HLOOKUP(DB1,'Payroll Datavant'!DB1:FP6,6,0),0) -> 0 | DC6: =IFERROR(HLOOKUP(DC1,'Payroll Datavant'!DC1:FP6,6,0),0) -> 695.5 | DD6: =IFERROR(HLOOKUP(DD1,'Payroll Datavant'!DD1:FP6,6,0),0) -> 691.5 | DE6: =IFERROR(HLOOKUP(DE1,'Payroll Datavant'!DE1:FP6,6,0),0) -> 22.5 | DF6: =IFERROR(HLOOKUP(DF1,'Payroll Datavant'!DF1:FP6,6,0),0) -> 0 | DG6: =IFERROR(HLOOKUP(DG1,'Payroll Datavant'!DG1:FP6,6,0),0) -> 0 | DH6: =IFERROR(HLOOKUP(DH1,'Payroll Datavant'!DH1:FP6,6,0),0) -> 0 | DI6: =IFERROR(HLOOKUP(DI1,'Payroll Datavant'!DI1:FP6,6,0),0) -> 0 | DJ6: =IFERROR(HLOOKUP(DJ1,'Payroll Datavant'!DJ1:FP6,6,0),0) -> 0 | DK6: =IFERROR(HLOOKUP(DK1,'Payroll Datavant'!DK1:FP6,6,0),0) -> 0 | DL6: =IFERROR(HLOOKUP(DL1,'Payroll Datavant'!DL1:FP6,6,0),0) -> 613.25 | DM6: =IFERROR(HLOOKUP(DM1,'Payroll Datavant'!DM1:FP6,6,0),0) -> 207 | DN6: =IFERROR(HLOOKUP(DN1,'Payroll Datavant'!DN1:FP6,6,0),0) -> 0 | DO6: =IFERROR(HLOOKUP(DO1,'Payroll Datavant'!DO1:FP6,6,0),0) -> 156.25 | DP6: =IFERROR(HLOOKUP(DP1,'Payroll Datavant'!DP1:FP6,6,0),0) -> 0 | DQ6: =IFERROR(HLOOKUP(DQ1,'Payroll Datavant'!DQ1:FP6,6,0),0) -> 0 | DR6: =IFERROR(HLOOKUP(DR1,'Payroll Datavant'!DR1:FP6,6,0),0) -> 0 | DS6: =IFERROR(HLOOKUP(DS1,'Payroll Datavant'!DS1:FP6,6,0),0) -> 0 | DT6: =IFERROR(HLOOKUP(DT1,'Payroll Datavant'!DT1:FP6,6,0),0) -> 0 | DU6: =IFERROR(HLOOKUP(DU1,'Payroll Datavant'!DU1:FP6,6,0),0) -> 0 | DV6: =IFERROR(HLOOKUP(DV1,'Payroll Datavant'!DV1:FP6,6,0),0) -> 0 | DW6: =IFERROR(HLOOKUP(DW1,'Payroll Datavant'!DW1:FP6,6,0),0) -> 0 | DX6: =IFERROR(HLOOKUP(DX1,'Payroll Datavant'!DX1:FP6,6,0),0) -> 736.75 | DY6: =IFERROR(HLOOKUP(DY1,'Payroll Datavant'!DY1:FP6,6,0),0) -> 0 | DZ6: =IFERROR(HLOOKUP(DZ1,'Payroll Datavant'!DZ1:FP6,6,0),0) -> 0 | EA6: =IFERROR(HLOOKUP(EA1,'Payroll Datavant'!EA1:FP6,6,0),0) -> 0 | EB6: =IFERROR(HLOOKUP(EB1,'Payroll Datavant'!EB1:FP6,6,0),0) -> 0 | EC6: =IFERROR(HLOOKUP(EC1,'Payroll Datavant'!EC1:FP6,6,0),0) -> 256.25 | ED6: =IFERROR(HLOOKUP(ED1,'Payroll Datavant'!ED1:FP6,6,0),0) -> 273.75 | EE6: =IFERROR(HLOOKUP(EE1,'Payroll Datavant'!EE1:FP6,6,0),0) -> 0 | EF6: =IFERROR(HLOOKUP(EF1,'Payroll Datavant'!EF1:FP6,6,0),0) -> 0 | EG6: =IFERROR(HLOOKUP(EG1,'Payroll Datavant'!EG1:FP6,6,0),0) -> 541.5 | EH6: =IFERROR(HLOOKUP(EH1,'Payroll Datavant'!EH1:FP6,6,0),0) -> 0 | EI6: =IFERROR(HLOOKUP(EI1,'Payroll Datavant'!EI1:FP6,6,0),0) -> 0 | EJ6: =IFERROR(HLOOKUP(EJ1,'Payroll Datavant'!EJ1:FP6,6,0),0) -> 429 | EK6: =IFERROR(HLOOKUP(EK1,'Payroll Datavant'!EK1:FP6,6,0),0) -> 0 | EL6: =IFERROR(HLOOKUP(EL1,'Payroll Datavant'!EL1:FP6,6,0),0) -> 0 | EM6: =IFERROR(HLOOKUP(EM1,'Payroll Datavant'!EM1:FP6,6,0),0) -> 0 | EN6: =IFERROR(HLOOKUP(EN1,'Payroll Datavant'!EN1:FP6,6,0),0) -> 0 | EO6: =IFERROR(HLOOKUP(EO1,'Payroll Datavant'!EO1:FP6,6,0),0) -> 0 | EP6: =IFERROR(HLOOKUP(EP1,'Payroll Datavant'!EP1:FP6,6,0),0) -> 0 | EQ6: =IFERROR(HLOOKUP(EQ1,'Payroll Datavant'!EQ1:FP6,6,0),0) -> 0 | ER6: =IFERROR(HLOOKUP(ER1,'Payroll Datavant'!ER1:FP6,6,0),0) -> 0 | ES6: =IFERROR(HLOOKUP(ES1,'Payroll Datavant'!ES1:FP6,6,0),0) -> 866.25 | ET6: =IFERROR(HLOOKUP(ET1,'Payroll Datavant'!ET1:FP6,6,0),0) -> 0 | EU6: =IFERROR(HLOOKUP(EU1,'Payroll Datavant'!EU1:FP6,6,0),0) -> 0 | EV6: =IFERROR(HLOOKUP(EV1,'Payroll Datavant'!EV1:FP6,6,0),0) -> 0 | EW6: =IFERROR(HLOOKUP(EW1,'Payroll Datavant'!EW1:FP6,6,0),0) -> 0 | EX6: =IFERROR(HLOOKUP(EX1,'Payroll Datavant'!EX1:FP6,6,0),0) -> 402.25 | EY6: =IFERROR(HLOOKUP(EY1,'Payroll Datavant'!EY1:FP6,6,0),0) -> 0 | EZ6: =IFERROR(HLOOKUP(EZ1,'Payroll Datavant'!EZ1:FP6,6,0),0) -> 714.5 | FA6: =IFERROR(HLOOKUP(FA1,'Payroll Datavant'!FA1:FP6,6,0),0) -> 1187 | FB6: =IFERROR(HLOOKUP(FB1,'Payroll Datavant'!FB1:FP6,6,0),0) -> 0 | FC6: =IFERROR(HLOOKUP(FC1,'Payroll Datavant'!FC1:FQ6,6,0),0) -> 77.5 | FD6: =IFERROR(HLOOKUP(FD1,'Payroll Datavant'!FD1:FR6,6,0),0) -> 195.75 | FE6: =IFERROR(HLOOKUP(FE1,'Payroll Datavant'!FE1:FS6,6,0),0) -> 872.25 | FF6: =IFERROR(HLOOKUP(FF1,'Payroll Datavant'!FF1:FT6,6,0),0) -> 0 | FG6: =IFERROR(HLOOKUP(FG1,'Payroll Datavant'!FG1:FU6,6,0),0) -> 0 | FH6: =IFERROR(HLOOKUP(FH1,'Payroll Datavant'!FH1:FV6,6,0),0) -> 0 | FI6: =IFERROR(HLOOKUP(FI1,'Payroll Datavant'!FI1:FW6,6,0),0) -> 0 | ... GR6: =IFERROR(HLOOKUP(GR1,'Payroll Datavant'!GR1:HF6,6,0),0) -> 0
A7: Logging Incentive | B7: =SUM(C7:GR7) -> 7079.2 | C7: =IFERROR(HLOOKUP(C1,'Logging Payout count'!D1:FB30,30,0),0) -> 0 | D7: =IFERROR(HLOOKUP(D1,'Logging Payout count'!E1:FC30,30,0),0) -> 56.35 | E7: =IFERROR(HLOOKUP(E1,'Logging Payout count'!F1:FD30,30,0),0) -> 0 | F7: =IFERROR(HLOOKUP(F1,'Logging Payout count'!G1:FE30,30,0),0) -> 2.4 | G7: =IFERROR(HLOOKUP(G1,'Logging Payout count'!H1:FF30,30,0),0) -> 0 | H7: =IFERROR(HLOOKUP(H1,'Logging Payout count'!I1:FG30,30,0),0) -> 0 | I7: =IFERROR(HLOOKUP(I1,'Logging Payout count'!J1:FH30,30,0),0) -> 0 | J7: =IFERROR(HLOOKUP(J1,'Logging Payout count'!K1:FI30,30,0),0) -> 0 | ... GR7: =IFERROR(HLOOKUP(GR1,'Logging Payout count'!GS1:MQ30,30,0),0) -> 0
A8: Release and QC | B8: =SUM(C8:GR8) -> 22170.25 | C8: =IFERROR(HLOOKUP(C$1,'Release & QC'!$C$1:$M$2,2,0),0) -> 4391.5 | D8: =IFERROR(HLOOKUP(D$1,'Release & QC'!$C$1:$M$2,2,0),0) -> 229.5 | E8: =IFERROR(HLOOKUP(E$1,'Release & QC'!$C$1:$M$2,2,0),0) -> 0 | F8: =IFERROR(HLOOKUP(F$1,'Release & QC'!$C$1:$M$2,2,0),0) -> 3519.75 | G8: =IFERROR(HLOOKUP(G$1,'Release & QC'!$C$1:$M$2,2,0),0) -> 0 | H8: =IFERROR(HLOOKUP(H$1,'Release & QC'!$C$1:$M$2,2,0),0) -> 0 | I8: =IFERROR(HLOOKUP(I$1,'Release & QC'!$C$1:$M$2,2,0),0) -> 284.5 | J8: =IFERROR(HLOOKUP(J$1,'Release & QC'!$C$1:$M$2,2,0),0) -> 0 | ... GR8: =IFERROR(HLOOKUP(GR$1,'Release & QC'!$C$1:$M$2,2,0),0) -> 1282
A9: Arrears | B9: =SUM(C9:GR9) -> 0 | C9: =IFERROR(HLOOKUP(C1,'Arrears_Nov''25'!$C$1:$G$5,5,0),0) -> 0 | D9: =IFERROR(HLOOKUP(D1,'Arrears_Nov''25'!$C$1:$G$5,5,0),0) -> 0 | E9: =IFERROR(HLOOKUP(E1,'Arrears_Nov''25'!$C$1:$G$5,5,0),0) -> 0 | F9: =IFERROR(HLOOKUP(F1,'Arrears_Nov''25'!$C$1:$G$5,5,0),0) -> 0 | G9: =IFERROR(HLOOKUP(G1,'Arrears_Nov''25'!$C$1:$G$5,5,0),0) -> 0 | H9: =IFERROR(HLOOKUP(H1,'Arrears_Nov''25'!$C$1:$G$5,5,0),0) -> 0 | I9: =IFERROR(HLOOKUP(I1,'Arrears_Nov''25'!$C$1:$G$5,5,0),0) -> 0 | J9: =IFERROR(HLOOKUP(J1,'Arrears_Nov''25'!$C$1:$G$5,5,0),0) -> 0 | ... GR9: =IFERROR(HLOOKUP(GR1,'Arrears_Nov''25'!$C$1:$G$5,5,0),0) -> 0
A10: Datavant QC | B10: =SUM(C10:GR10) -> 525.5 | C10: =IFERROR(HLOOKUP(C1,'Datavant QC'!$B$1:$E$3,3,0),0) -> 0 | D10: =IFERROR(HLOOKUP(D1,'Datavant QC'!$B$1:$E$3,3,0),0) -> 0 | E10: =IFERROR(HLOOKUP(E1,'Datavant QC'!$B$1:$E$3,3,0),0) -> 0 | F10: =IFERROR(HLOOKUP(F1,'Datavant QC'!$B$1:$E$3,3,0),0) -> 0 | G10: =IFERROR(HLOOKUP(G1,'Datavant QC'!$B$1:$E$3,3,0),0) -> 0 | H10: =IFERROR(HLOOKUP(H1,'Datavant QC'!$B$1:$E$3,3,0),0) -> 0 | I10: =IFERROR(HLOOKUP(I1,'Datavant QC'!$B$1:$E$3,3,0),0) -> 0 | J10: =IFERROR(HLOOKUP(J1,'Datavant QC'!$B$1:$E$3,3,0),0) -> 0 | ... GR10: =IFERROR(HLOOKUP(GR1,'Datavant QC'!$B$1:$E$3,3,0),0) -> 0
A11: Final Payout | B11: =SUM(C11:GR11) -> 174456.6 | C11: =SUM(C2:C10) -> 4391.5 | D11: =SUM(D2:D10) -> 4556.85 | E11: =SUM(E2:E10) -> 8 | F11: =SUM(F2:F10) -> 3530.15 | G11: =SUM(G2:G10) -> 318.5 | H11: =SUM(H2:H10) -> 1191.25 | I11: =SUM(I2:I10) -> 3313.25 | J11: =SUM(J2:J10) -> 10.5 | ... GR11: =SUM(GR2:GR10) -> 4082
B13: =SUM(B2:B10) -> 174456.6
A15: Payroll Total | B15: =Payroll!C19 -> 52690.2
A16: For Training and support/Rewards | B16: =B3 -> 17500
A17: Admin Work | B17: =B4 -> 2000
A18: Verisma and MRO Processing | B18: ='Processing Count'!G63 -> 32743.2
A19: Datavant | B19: ='Payroll Datavant'!B6 -> 39748.25
A20: Logging Incentive | B20: {='Logging Payout count'!B30:C30} -> 7079.2 | C20: 0
A21: Release and QC | B21: ='Release & QC'!B2 -> 22170.25 | C21: =B8-B21 -> 0
A22: Arrears | B22: ='Arrears_Nov''25'!B5 -> 0
A23: Datavant QC | B23: ='Datavant QC'!A4 -> 525.5
A24: Final Payout | B24: =SUM(B15:B23) -> 174456.6
A25: Dif | B25: =B11-B24 -> 0

Sheet Datavant QC
A1: Row Labels | B1: Azumi Van Scyoc | C1: Pavithra Balaji | D1: Sireesha Gottimukkala | E1: Sonia Mohanty
A2: Count of Request ID | B2: 73 | C2: 784 | D2: 10 | E2: 184
A3: =SUM(B2:E2) -> 1051 | B3: =B2*0.5 -> 36.5 | C3: =C2*0.5 -> 392 | D3: =D2*0.5 -> 5 | E3: =E2*0.5 -> 92
A4: =A3*0.5 -> 525.5
A7: Sirisha
A8: Sonia M
A9: Pavitra
A10: Azumi

Sheet Payroll Datavant
A1: Process Type | B1: Overall | C1: Aanya | D1: Ahila Sundaresan | E1: Alekhya Pokuri | F1: Ambar Romero | G1: Amel Yousfi | H1: Amrita Singh | I1: Andrea Lorenzano | J1: Angayarkanni Kannan | K1: Angel Edwards | L1: Anitaben Patel | M1: Anjali Devunuri | N1: Anjana Vijayan | O1: Ankana Biswas Dutta | P1: Anshu Dubey | Q1: Anusha Cheerla | R1: Anusha Kulageri | S1: Anusha Prasannakumar | T1: Arcelia Finkelberg | U1: Atchaya Rangasamy Venugopal | V1: Azumi Van Scyoc | W1: Babitha Koraganti | X1: Balasubramani Kandasamy | Y1: Cecilia Hendricks | Z1: Chandana Bathina | AA1: Chandini Yellamilli | AB1: Chinmaya Jyothi Pulikallu | AC1: Damion Newell | AD1: Deepika Chintaluri | AE1: Devi Prakash | AF1: Devicharitha Malapati | AG1: Dhanalakshmi Nelluri | AH1: Dhivya Shankar | AI1: Dhivyalakshmi Vigneshwaran | AJ1: Diksha Vijaykumar More | AK1: Divya Babu | AL1: Divya Manjeshwar kamath | AM1: Divya Shree | AN1: Erianna Lockhart | AO1: Faith Ujjwala Singh | AP1: Fallyan Redd | AQ1: Farheen Hasham | AR1: Farzana Shaik | AS1: Fnu Supriya | AT1: Foua Yang | AU1: Franklin C Onyedili | AV1: Gayatri Paramsivam | AW1: Geetalakshmi Govinthara Annadhurai | AX1: Gia Erica Coleman | AY1: Hadjer Ikram Yousfi | AZ1: Haley VanNamee | BA1: Harathi Nuvuru | BB1: Hetal Shah | BC1: I-Asia Newkirk | BD1: Infanta Clara Victor Anthony | BE1: Jaya Singh | BF1: Jayashree Swain | BG1: Jhou Yang | BH1: Jyothi Venkatasubramanya | BI1: Kabila Sivasankar | BJ1: Kavya Krishnappa | BK1: Kawanna Brown | BL1: Komala Renuka Prasad | BM1: Krishnaveni | BN1: Krithika Balasubramaniam | BO1: Lakshmi Neelima Duddula | BP1: LaSere Reid Smith | BQ1: LATHA BUSIREDDY | BR1: Latrice Adams | BS1: Lavanya Vigrahala | BT1: Laxmi Sirisha Penumecha | BU1: Lipsa Padhy | BV1: Lokeswari Gummadi | BW1: Madhana Sundari Vijayarajan | BX1: Madhavi Balineni | BY1: Madhura Alva | BZ1: Madhuri Padala | CA1: Maira Becham | CB1: Manda Talwekar | CC1: Manjunath JagadishPai | CD1: Mariko Huskey | CE1: Marilyn Brown | CF1: Marina Ibrahim | CG1: Mathangi Radhakrishnan | CH1: Michelle Cox | CI1: Minakshi Deepak | CJ1: Mojisha Mohandas | CK1: Monalisa Roy | CL1: Mool Chand | CM1: Naagarashikaa Vijayakumar | CN1: Naganandhini Ganapathimaran | CO1: Namita Mishra | CP1: Namrata Sharma | CQ1: Namratha Koratala | CR1: Narmadhadevi Dharmapalan | CS1: Neena Mathew Saravanakumar | CT1: Neha Aaggarwal | CU1: Nilopher Lopes | CV1: Nitha Chathoth Kunhikrishnan | CW1: Padmapriya krishnamoorthy | CX1: Palak Porwal | CY1: Pavithra Balaji | CZ1: Pavithra Manas Panda | DA1: Pavitra Rani Allam | DB1: Pooja Solanki | DC1: Poongothai Duraisamy | DD1: Pragyan Paramita Mohanty | DE1: Pranusha Dontineni | DF1: Prasana Kotagiri | DG1: Prathima Krishnamurthy Yadav | DH1: Prathima Lakkireddy | DI1: PRAVALLIKA NUTHALAPATI | DJ1: Priti Suman | DK1: Priyadarsini Baral | DL1: Priyanka Chandrikapure | DM1: Priyanka Dey Sarkar | DN1: Priyanka Gadar | DO1: Pushpaja Vullamgunta | DP1: Rajameenakshi Sankarasubramanian | DQ1: Rajeshwari Thammineni | DR1: Ramsheena Nadathalakkel | DS1: Ramya Muralidharan | DT1: Ramya Sudarshan Palavalli | DU1: Randi Wood | DV1: Rashmi Gupta | DW1: Rashmi Kottachery | DX1: Rashmi Rangdale | DY1: Rathika Jude | DZ1: Ratnasree Gudla | EA1: Reejaramani Subramani | EB1: Reema Rasheed | EC1: Reshmi Pulickal Radhakrishnan | ED1: Rima Loganathan | EE1: Rishi Goswami | EF1: Roja Punna | EG1: Rupali Bangar | EH1: Rutuja Rajput | EI1: Sabiha Khan | EJ1: Sai Santhya Ravikumar | EK1: Sangeetha Jeyabalan | EL1: Sanjana Mandal | EM1: Sara Abdelsayed | EN1: Saranya Sabarish | EO1: Sasikala Murugesan | EP1: Sathya Ezhilan | EQ1: Sathya Naveenraj | ER1: Selvakamatchi Rajamani | ES1: Shagida Nishwan | ET1: Sharanya Madhavan | EU1: Sharmila Lakshmipathy | EV1: Sharmila Raghavan | EW1: Siddhardha Yalavarthy | EX1: Sindhu Selvaraj | EY1: Sindhu Thanigesan | EZ1: Sireesha Gottimukkala | FA1: Snehal Choudhari | FB1: Snighdha Dave | FC1: Somdutta Paul | FD1: Sonali Gupta | FE1: Sonia Mohanty | FF1: Soumya kalyanaraman | FG1: Sowjanya Ravella | FH1: Sree Nalini Uduta | FI1: Sreedevi Salapu | FJ1: Srikanya R | FK1: Srilekha Kotte | FL1: Sripriyadarshini | FM1: Srividhyalakshmi Murugadass | FN1: Sruthi Arambachalil | FO1: Subasri Swaminathan | FP1: Subhanandhini Kumarasamy | FQ1: Subhina Bhaskar | FR1: subratha suresh kamat | FS1: Suchitra Rajesh | FT1: Sudesh Goel | FU1: Sunitha nara | FV1: Swathi Kodali | FW1: SWATHI LAKSHMI GUNDURU | FX1: Swati bartake | FY1: Swati Ghogare | FZ1: Sweety Ranka | GA1: Tapasi Rath | GB1: Tarshik Spurling | GC1: Tej Patel | GD1: Umamaheswari Shanmugam | GE1: Usha Devi Singaravelu | GF1: Vaishnavi Devi Bunja Dhinakaran | GG1: Valarmathi Magudeswaran | GH1: Valliammai Ramanathan | GI1: Vani Hanumantu | GJ1: Varsha Javali | GK1: Vasuda Rawal | GL1: Vasudha Kodi | GM1: Venkata Vemuri | GN1: Vidya Thirunavukkarasu | GO1: Vijayalakshmi Bhaskaran | GP1: Vyom Bhandari | GQ1: Yazhini Ravichandran
A2: Correspondence Letter | B2: =SUM(C2:GU2) -> 23226 | C2: =IFERROR(HLOOKUP(C1,'Datavant Data'!$B$1:$BF$3,2,0),"0") -> 0 | D2: =IFERROR(HLOOKUP(D1,'Datavant Data'!$B$1:$BF$3,2,0),"0") -> 1516 | E2: =IFERROR(HLOOKUP(E1,'Datavant Data'!$B$1:$BF$3,2,0),"0") -> 0 | F2: =IFERROR(HLOOKUP(F1,'Datavant Data'!$B$1:$BF$3,2,0),"0") -> 0 | G2: =IFERROR(HLOOKUP(G1,'Datavant Data'!$B$1:$BF$3,2,0),"0") -> 0 | H2: =IFERROR(HLOOKUP(H1,'Datavant Data'!$B$1:$BF$3,2,0),"0") -> 0 | I2: =IFERROR(HLOOKUP(I1,'Datavant Data'!$B$1:$BF$3,2,0),"0") -> 370 | J2: =IFERROR(HLOOKUP(J1,'Datavant Data'!$B$1:$BF$3,2,0),"0") -> 0 | ... GU2: =IFERROR(HLOOKUP(GU1,'Datavant Data'!$B$1:$BF$3,2,0),"0") -> 0
A3: Payout | B3: =SUM(C3:GU3) -> 17419.5 | C3: =C2*0.75 -> 0 | D3: =D2*0.75 -> 1137 | E3: =E2*0.75 -> 0 | F3: =F2*0.75 -> 0 | G3: =G2*0.75 -> 0 | H3: =H2*0.75 -> 0 | I3: =I2*0.75 -> 277.5 | J3: =J2*0.75 -> 0 | ... GU3: =GU2*0.75 -> 0
A4: Charts Fulfilled | B4: =SUM(C4:GU4) -> 17863 | C4: =IFERROR(HLOOKUP(C1,'Datavant Data'!$B$1:$BF$3,3,0),"0") -> 0 | D4: =IFERROR(HLOOKUP(D1,'Datavant Data'!$B$1:$BF$3,3,0),"0") -> 629 | E4: =IFERROR(HLOOKUP(E1,'Datavant Data'!$B$1:$BF$3,3,0),"0") -> 0 | F4: =IFERROR(HLOOKUP(F1,'Datavant Data'!$B$1:$BF$3,3,0),"0") -> 0 | G4: =IFERROR(HLOOKUP(G1,'Datavant Data'!$B$1:$BF$3,3,0),"0") -> 0 | H4: =IFERROR(HLOOKUP(H1,'Datavant Data'!$B$1:$BF$3,3,0),"0") -> 0 | I4: =IFERROR(HLOOKUP(I1,'Datavant Data'!$B$1:$BF$3,3,0),"0") -> 201 | J4: =IFERROR(HLOOKUP(J1,'Datavant Data'!$B$1:$BF$3,3,0),"0") -> 0 | ... GU4: =IFERROR(HLOOKUP(GU1,'Datavant Data'!$B$1:$BF$3,3,0),"0") -> 0
A5: Payout | B5: =SUM(C5:GU5) -> 22328.75 | C5: =C4*1.25 -> 0 | D5: =D4*1.25 -> 786.25 | E5: =E4*1.25 -> 0 | F5: =F4*1.25 -> 0 | G5: =G4*1.25 -> 0 | H5: =H4*1.25 -> 0 | I5: =I4*1.25 -> 251.25 | J5: =J4*1.25 -> 0 | ... GU5: =GU4*1.25 -> 0
A6: Grand Total | B6: =SUM(C6:GU6) -> 39748.25 | C6: =SUM(C3,C5) -> 0 | D6: =SUM(D3,D5) -> 1923.25 | E6: =SUM(E3,E5) -> 0 | F6: =SUM(F3,F5) -> 0 | G6: =SUM(G3,G5) -> 0 | H6: =SUM(H3,H5) -> 0 | I6: =SUM(I3,I5) -> 528.75 | J6: =SUM(J3,J5) -> 0 | ... GU6: =SUM(GU3,GU5) -> 0
A7: Total Cases | B7: =SUM(B2,B4) -> 41089 | C7: =SUM(C2,C4) -> 0 | D7: =SUM(D2,D4) -> 2145 | E7: =SUM(E2,E4) -> 0 | F7: =SUM(F2,F4) -> 0 | G7: =SUM(G2,G4) -> 0 | H7: =SUM(H2,H4) -> 0 | I7: =SUM(I2,I4) -> 571 | ... GU7: =SUM(GU2,GU4) -> 0
B8: ='Datavant Data'!A5 -> 23226
B9: ='Datavant Data'!A6 -> 17863
B10: =B2-B8 -> 0
B11: =B4-B9 -> 0

Sheet Datavant Data
A1: Actual Name | B1: Ahila Sundaresan | C1: Andrea Lorenzano | D1: Anitaben Patel | E1: Azumi Van Scyoc | F1: Chinmaya Jyothi Pulikallu | G1: Deepika Chintaluri | H1: Dhivya Shankar | I1: Dhivyalakshmi Vigneshwaran | J1: Diksha Vijaykumar More | K1: Divya Babu | L1: Divya Manjeshwar Kamath | M1: Farheen Hasham | N1: Farzana Shaik | O1: Fnu Supriya | P1: Hetal Shah | Q1: Jaya Singh | R1: Krishnaveni | S1: LaSere Reid Smith | T1: Lipsa Padhy | U1: Maira Becham | V1: Mariko Huskey | W1: Michelle Cox | X1: Minakshi Deepak | Y1: Naganandhini Ganapathimaran | Z1: Namita Mishra | AA1: Namrata Sharma | AB1: Namratha Koratala | AC1: Neha Aaggarwal | AD1: Nilopher Lopes | AE1: Pavitra Rani Allam | AF1: Poongothai Duraisamy | AG1: Pragyan Paramita Mohanty | AH1: Pranusha Dontineni | AI1: Priyanka Chandrikapure | AJ1: Priyanka Dey Sarkar | AK1: Pushpaja Vullamgunta | AL1: Rashmi Rangdale | AM1: Reshmi Pulickal Radhakrishnan | AN1: Rima Loganathan | AO1: Rupali Bangar | AP1: Sai Santhya Ravikumar | AQ1: Shagida Nishwan | AR1: Sindhu Selvaraj | AS1: Sireesha Gottimukkala | AT1: Snehal Choudhari | AU1: Somdutta Paul | AV1: Sonali Gupta | AW1: Sonia Mohanty | AX1: Sripriyadarshini | AY1: Srividhyalakshmi Murugadass | AZ1: Sruthi Arambachalil | BA1: Sunitha Nara | BB1: Swati Bartake | BC1: Sweety Ranka | BD1: Tapasi Rath | BE1: Usha Devi Singaravelu | BF1: Valliammai Ramanathan
A2: FulfillmentCorrespondenceTaskCompleted | B2: 1516 | C2: 370 | D2: 80 | E2: 8 | F2: 0 | G2: 256 | H2: 388 | I2: 1450 | J2: 321 | K2: 172 | L2: 1105 | M2: 773 | N2: 349 | O2: 408 | P2: 1597 | Q2: 167 | R2: 674 | S2: 369 | T2: 74 | U2: 242 | V2: 224 | W2: 1039 | X2: 25 | Y2: 27 | Z2: 1254 | AA2: 785 | AB2: 141 | AC2: 22 | AD2: 658 | AE2: 557 | AF2: 269 | AG2: 7 | AH2: 0 | AI2: 56 | AJ2: 76 | AK2: 30 | AL2: 159 | AM2: 195 | AN2: 120 | AO2: 272 | AP2: 402 | AQ2: 495 | AR2: 308 | AS2: 431 | AT2: 881 | AU2: 65 | AV2: 1 | AW2: 553 | AX2: 233 | AY2: 1252 | AZ2: 70 | BA2: 91 | BB2: 29 | BC2: 556 | BD2: 96 | BE2: 729 | BF2: 799
A3: FullfillmentSubmitTaskCompleted | B3: 629 | C3: 201 | D3: 78 | E3: 392 | F3: 14 | G3: 129 | H3: 701 | I3: 770 | J3: 101 | K3: 148 | L3: 663 | M3: 16 | N3: 202 | O3: 207 | P3: 870 | Q3: 99 | R3: 341 | S3: 167 | T3: 53 | U3: 164 | V3: 159 | W3: 591 | X3: 71 | Y3: 10 | Z3: 203 | AA3: 561 | AB3: 100 | AC3: 87 | AD3: 59 | AE3: 2668 | AF3: 395 | AG3: 549 | AH3: 18 | AI3: 457 | AJ3: 120 | AK3: 107 | AL3: 494 | AM3: 88 | AN3: 147 | AO3: 270 | AP3: 102 | AQ3: 396 | AR3: 137 | AS3: 313 | AT3: 421 | AU3: 23 | AV3: 156 | AW3: 366 | AX3: 248 | AY3: 550 | AZ3: 119 | BA3: 77 | BB3: 193 | BC3: 266 | BD3: 272 | BE3: 311 | BF3: 814
A4: Total | B4: =SUM(B2:B3) -> 2145 | C4: =SUM(C2:C3) -> 571 | D4: =SUM(D2:D3) -> 158 | E4: =SUM(E2:E3) -> 400 | F4: =SUM(F2:F3) -> 14 | G4: =SUM(G2:G3) -> 385 | H4: =SUM(H2:H3) -> 1089 | I4: =SUM(I2:I3) -> 2220 | ... BF4: =SUM(BF2:BF3) -> 1613
A5: =SUM(B2:BF2) -> 23226 | B5: =IFERROR(HLOOKUP(B1,'Payroll Datavant'!C1:FB7,1,0),0) -> Ahila Sundaresan | C5: =IFERROR(HLOOKUP(C1,'Payroll Datavant'!D1:FC7,1,0),0) -> Andrea Lorenzano | D5: =IFERROR(HLOOKUP(D1,'Payroll Datavant'!E1:FD7,1,0),0) -> Anitaben Patel | E5: =IFERROR(HLOOKUP(E1,'Payroll Datavant'!F1:FE7,1,0),0) -> Azumi Van Scyoc | F5: =IFERROR(HLOOKUP(F1,'Payroll Datavant'!G1:FF7,1,0),0) -> Chinmaya Jyothi Pulikallu | G5: =IFERROR(HLOOKUP(G1,'Payroll Datavant'!H1:FG7,1,0),0) -> Deepika Chintaluri | H5: =IFERROR(HLOOKUP(H1,'Payroll Datavant'!I1:FH7,1,0),0) -> Dhivya Shankar | I5: =IFERROR(HLOOKUP(I1,'Payroll Datavant'!J1:FI7,1,0),0) -> Dhivyalakshmi Vigneshwaran | ... BF5: =IFERROR(HLOOKUP(BF1,'Payroll Datavant'!BG1:HF7,1,0),0) -> Valliammai Ramanathan
A6: =SUM(B3:BF3) -> 17863 | B6: =HLOOKUP(B1,'Payroll Datavant'!C1:GL7,7,0) -> 2145 | C6: =HLOOKUP(C1,'Payroll Datavant'!D1:GM7,7,0) -> 571 | D6: =HLOOKUP(D1,'Payroll Datavant'!E1:GN7,7,0) -> 158 | E6: =HLOOKUP(E1,'Payroll Datavant'!F1:GO7,7,0) -> 400 | F6: =HLOOKUP(F1,'Payroll Datavant'!G1:GP7,7,0) -> 14 | G6: =HLOOKUP(G1,'Payroll Datavant'!H1:GQ7,7,0) -> 385 | H6: =HLOOKUP(H1,'Payroll Datavant'!I1:GR7,7,0) -> 1089 | I6: =HLOOKUP(I1,'Payroll Datavant'!J1:GS7,7,0) -> 2220 | ... BF6: =HLOOKUP(BF1,'Payroll Datavant'!BG1:IP7,7,0) -> 1613
A7: =SUM(A5:A6) -> 41089 | B7: =B4-B6 -> 0 | C7: =C4-C6 -> 0 | D7: =D4-D6 -> 0 | E7: =E4-E6 -> 0 | F7: =F4-F6 -> 0 | G7: =G4-G6 -> 0 | H7: =H4-H6 -> 0 | I7: =I4-I6 -> 0 | ... BF7: =BF4-BF6 -> 0
A8: 40128 | B8: =HLOOKUP(B1,'Payroll Datavant'!C1:GU7,7,0) -> 2145 | C8: =HLOOKUP(C1,'Payroll Datavant'!D1:GV7,7,0) -> 571 | D8: =HLOOKUP(D1,'Payroll Datavant'!E1:GW7,7,0) -> 158 | E8: =HLOOKUP(E1,'Payroll Datavant'!F1:GX7,7,0) -> 400 | F8: =HLOOKUP(F1,'Payroll Datavant'!G1:GY7,7,0) -> 14 | G8: =HLOOKUP(G1,'Payroll Datavant'!H1:GZ7,7,0) -> 385 | H8: =HLOOKUP(H1,'Payroll Datavant'!I1:HA7,7,0) -> 1089 | I8: =HLOOKUP(I1,'Payroll Datavant'!J1:HB7,7,0) -> 2220 | ... BF8: =HLOOKUP(BF1,'Payroll Datavant'!BG1:IY7,7,0) -> 1613
A9: =A7-A8 -> 961

Sheet Payroll
A1: ='Processing Count'!E59 -> 17367 | C1: =A1-C2 -> 0 | D1: Aanya | E1: Ahila Sundaresan | F1: Alekhya Pokuri | G1: Ambar Romero | H1: Amel Yousfi | I1: Amrita Singh | J1: Andrea Lorenzano | K1: Angayarkanni Kannan | L1: Angel Edwards | M1: Anitaben Patel | N1: Anjali Devunuri | O1: Anjana Vijayan | P1: Ankana Biswas Dutta | Q1: Anshu Dubey | R1: Anusha Cheerla | S1: Anusha Kulageri | T1: Anusha Prasannakumar | U1: Arcelia Finkelberg | V1: Atchaya Rangasamy Venugopal | W1: Azumi Van Scyoc | X1: Babitha Koraganti | Y1: Balasubramani Kandasamy | Z1: Cecilia Hendricks | AA1: Chandana Bathina | AB1: Chandini Yellamilli | AC1: Chinmaya Jyothi Pulikallu | AD1: Damion Newell | AE1: Deepika Chintaluri | AF1: Devi Prakash | AG1: Devicharitha Malapati | AH1: Dhanalakshmi Nelluri | AI1: Dhivya Shankar | AJ1: Dhivyalakshmi Vigneshwaran | AK1: Diksha Vijaykumar More | AL1: Divya Babu | AM1: Divya Manjeshwar kamath | AN1: Divya Shree | AO1: Erianna Lockhart | AP1: Faith Ujjwala Singh | AQ1: Fallyan Redd | AR1: Farheen Hasham | AS1: Farzana Shaik | AT1: Fnu Supriya | AU1: Foua Yang | AV1: Franklin C Onyedili | AW1: Gayatri Paramsivam | AX1: Geetalakshmi Govinthara Annadhurai | AY1: Gia Erica Coleman | AZ1: Hadjer Ikram Yousfi | BA1: Haley VanNamee | BB1: Harathi Nuvuru | BC1: Hetal Shah | BD1: I-Asia Newkirk | BE1: Infanta Clara Victor Anthony | BF1: Jaya Singh | BG1: Jayashree Swain | BH1: Jhou Yang | BI1: Jyothi Venkatasubramanya | BJ1: Kabila Sivasankar | BK1: Kavya Krishnappa | BL1: Kawanna Brown | BM1: Komala Renuka Prasad | BN1: Krishnaveni | BO1: Krithika Balasubramaniam | BP1: Lakshmi Neelima Duddula | BQ1: LaSere Reid Smith | BR1: LATHA BUSIREDDY | BS1: Latrice Adams | BT1: Lavanya Vigrahala | BU1: Laxmi Sirisha Penumecha | BV1: Lipsa Padhy | BW1: Lokeswari Gummadi | BX1: Madhana Sundari Vijayarajan | BY1: Madhavi Balineni | BZ1: Madhura Alva | CA1: Madhuri Padala | CB1: Maira Becham | CC1: Manda Talwekar | CD1: Manjunath JagadishPai | CE1: Mariko Huskey | CF1: Marilyn Brown | CG1: Marina Ibrahim | CH1: Mathangi Radhakrishnan | CI1: Michelle Cox | CJ1: Minakshi Deepak | CK1: Mojisha Mohandas | CL1: Monalisa Roy | CM1: Mool Chand | CN1: Naagarashikaa Vijayakumar | CO1: Naganandhini Ganapathimaran | CP1: Namita Mishra | CQ1: Namrata Sharma | CR1: Namratha Koratala | CS1: Narmadhadevi Dharmapalan | CT1: Neena Mathew Saravanakumar | CU1: Neha Aaggarwal | CV1: Nilopher Lopes | CW1: Nitha Chathoth Kunhikrishnan | CX1: Padmapriya krishnamoorthy | CY1: Palak Porwal | CZ1: Pavithra Balaji | DA1: Pavithra Manas Panda | DB1: Pavitra Rani Allam | DC1: Pooja Solanki | DD1: Poongothai Duraisamy | DE1: Pragyan Paramita Mohanty | DF1: Pranusha Dontineni | DG1: Prasana Kotagiri | DH1: Prathima Krishnamurthy Yadav | DI1: Prathima Lakkireddy | DJ1: PRAVALLIKA NUTHALAPATI | DK1: Priti Suman | DL1: Priyadarsini Baral | DM1: Priyanka Chandrikapure | DN1: Priyanka Dey Sarkar | DO1: Priyanka Gadar | DP1: Pushpaja Vullamgunta | DQ1: Rajameenakshi Sankarasubramanian | DR1: Rajeshwari Thammineni | DS1: Ramsheena Nadathalakkel | DT1: Ramya Muralidharan | DU1: Ramya Sudarshan Palavalli | DV1: Randi Wood | DW1: Rashmi Gupta | DX1: Rashmi Kottachery | DY1: Rashmi Rangdale | DZ1: Rathika Jude | EA1: Ratnasree Gudla | EB1: Reejaramani Subramani | EC1: Reema Rasheed | ED1: Reshmi Pulickal Radhakrishnan | EE1: Rima Loganathan | EF1: Rishi Goswami | EG1: Roja Punna | EH1: Rupali Bangar | EI1: Rutuja Rajput | EJ1: Sabiha Khan | EK1: Sai Santhya Ravikumar | EL1: Sangeetha Jeyabalan | EM1: Sanjana Mandal | EN1: Sara Abdelsayed | EO1: Saranya Sabarish | EP1: Sasikala Murugesan | EQ1: Sathya Ezhilan | ER1: Sathya Naveenraj | ES1: Selvakamatchi Rajamani | ET1: Shagida Nishwan | EU1: Sharanya Madhavan | EV1: Sharmila Lakshmipathy | EW1: Sharmila Raghavan | EX1: Siddhardha Yalavarthy | EY1: Sindhu Selvaraj | EZ1: Sindhu Thanigesan | FA1: Sireesha Gottimukkala | FB1: Snehal Choudhari | FC1: Snighdha Dave | FD1: Somdutta Paul | FE1: Sonali Gupta | FF1: Sonia Mohanty | FG1: Soumya kalyanaraman | FH1: Sowjanya Ravella | FI1: Sree Nalini Uduta | FJ1: Sreedevi Salapu | FK1: Srikanya R | FL1: Srilekha Kotte | FM1: Sripriyadarshini | FN1: Srividhyalakshmi Murugadass | FO1: Sruthi Arambachalil | FP1: Subasri Swaminathan | FQ1: Subhanandhini Kumarasamy | FR1: Subhina Bhaskar | FS1: subratha suresh kamat | FT1: Suchitra Rajesh | FU1: Sudesh Goel | FV1: Sunitha nara | FW1: Swathi Kodali | FX1: SWATHI LAKSHMI GUNDURU | FY1: Swati bartake | FZ1: Swati Ghogare | GA1: Sweety Ranka | GB1: Tapasi Rath | GC1: Tarshik Spurling | GD1: Tej Patel | GE1: Umamaheswari Shanmugam | GF1: Usha Devi Singaravelu | GG1: Vaishnavi Devi Bunja Dhinakaran | GH1: Valarmathi Magudeswaran | GI1: Valliammai Ramanathan | GJ1: Vani Hanumantu | GK1: Varsha Javali | GL1: Vasuda Rawal | GM1: Vasudha Kodi | GN1: Venkata Vemuri | GO1: Vidya Thirunavukkarasu | GP1: Vijayalakshmi Bhaskaran | GQ1: Vyom Bhandari | GR1: Yazhini Ravichandran
A2: Processing Cases | C2: =SUM(D2:GR2) -> 17367 | D2: =IFERROR(HLOOKUP(D1,'Processing Count'!H1:GZ24,24,0),0)+IFERROR(HLOOKUP(D1,'Processing Count'!H27:GZ59,33),0) -> 0 | E2: =IFERROR(HLOOKUP(E1,'Processing Count'!I1:HA24,24,0),0)+IFERROR(HLOOKUP(E1,'Processing Count'!I27:HA59,33),0) -> 72 | F2: =IFERROR(HLOOKUP(F1,'Processing Count'!J1:HB24,24,0),0)+IFERROR(HLOOKUP(F1,'Processing Count'!J27:HB59,33),0) -> 0 | G2: =IFERROR(HLOOKUP(G1,'Processing Count'!K1:HC24,24,0),0)+IFERROR(HLOOKUP(G1,'Processing Count'!K27:HC59,33),0) -> 0 | H2: =IFERROR(HLOOKUP(H1,'Processing Count'!L1:HD24,24,0),0)+IFERROR(HLOOKUP(H1,'Processing Count'!L27:HD59,33),0) -> 0 | I2: =IFERROR(HLOOKUP(I1,'Processing Count'!M1:HE24,24,0),0)+IFERROR(HLOOKUP(I1,'Processing Count'!M27:HE59,33),0) -> 469 | J2: =IFERROR(HLOOKUP(J1,'Processing Count'!N1:HF24,24,0),0)+IFERROR(HLOOKUP(J1,'Processing Count'!N27:HF59,33),0) -> 0 | K2: =IFERROR(HLOOKUP(K1,'Processing Count'!O1:HG24,24,0),0)+IFERROR(HLOOKUP(K1,'Processing Count'!O27:HG59,33),0) -> 0 | ... GR2: =IFERROR(HLOOKUP(GR1,'Processing Count'!GV1:ON24,24,0),0)+IFERROR(HLOOKUP(GR1,'Processing Count'!GV27:ON59,33),0) -> 0
A3: Total Logged Cases | C3: =SUM(C21:C51)-C2 -> 100959 | D3: =SUM(D21:D51)-D2 -> 0 | E3: 541 | F3: =SUM(F21:F51)-F2 -> 16 | G3: =SUM(G21:G51)-G2 -> 16 | H3: =SUM(H21:H51)-H2 -> 637 | I3: =SUM(I21:I51)-I2 -> 754 | J3: =SUM(J21:J51)-J2 -> 0 | K3: =SUM(K21:K51)-K2 -> 21 | L3: =SUM(L21:L51)-L2 -> 0 | M3: =SUM(M21:M51)-M2 -> 0 | ... GR3: =SUM(GR21:GR51)-GR2 -> 589
A4: Working Days | B4: =COUNTA(C22,C25:C29,C32:C36,C39:C43,C46:C50) -> 21
A5: Total Working days | D5: =COUNTIF(D22,">0")+COUNTIF(D25:D29,">0")+COUNTIF(D39:D43,">0")+COUNTIF(D32:D36,">0")+COUNTIF(D46:D50,">0") -> 0 | E5: 16 | F5: 2 | G5: =COUNTIF(G22,">0")+COUNTIF(G25:G29,">0")+COUNTIF(G39:G43,">0")+COUNTIF(G32:G36,">0")+COUNTIF(G46:G50,">0") -> 4 | H5: =COUNTIF(H22,">0")+COUNTIF(H25:H29,">0")+COUNTIF(H39:H43,">0")+COUNTIF(H32:H36,">0")+COUNTIF(H46:H50,">0") -> 21 | I5: =COUNTIF(I22,">0")+COUNTIF(I25:I29,">0")+COUNTIF(I39:I43,">0")+COUNTIF(I32:I36,">0")+COUNTIF(I46:I50,">0") -> 19 | J5: =COUNTIF(J22,">0")+COUNTIF(J25:J29,">0")+COUNTIF(J39:J43,">0")+COUNTIF(J32:J36,">0")+COUNTIF(J46:J50,">0") -> 0 | K5: =COUNTIF(K22,">0")+COUNTIF(K25:K29,">0")+COUNTIF(K39:K43,">0")+COUNTIF(K32:K36,">0")+COUNTIF(K46:K50,">0") -> 2 | L5: =COUNTIF(L22,">0")+COUNTIF(L25:L29,">0")+COUNTIF(L39:L43,">0")+COUNTIF(L32:L36,">0")+COUNTIF(L46:L50,">0") -> 0 | M5: =COUNTIF(M22,">0")+COUNTIF(M25:M29,">0")+COUNTIF(M39:M43,">0")+COUNTIF(M32:M36,">0")+COUNTIF(M46:M50,">0") -> 8 | N5: =COUNTIF(N22,">0")+COUNTIF(N25:N29,">0")+COUNTIF(N39:N43,">0")+COUNTIF(N32:N36,">0")+COUNTIF(N46:N50,">0") -> 21 | ... GR5: =COUNTIF(GR22,">0")+COUNTIF(GR25:GR29,">0")+COUNTIF(GR39:GR43,">0")+COUNTIF(GR32:GR36,">0")+COUNTIF(GR46:GR50,">0") -> 18
A6: Total Hours | D6: =D5*8 -> 0 | E6: =E5*8 -> 128 | F6: =F5*8 -> 16 | G6: =G5*8 -> 32 | H6: =H5*8 -> 168 | I6: =I5*8 -> 152 | J6: =J5*8 -> 0 | K6: =K5*8 -> 16 | ... GR6: =GR5*8 -> 144
A7: Avg case logged | D7: =IFERROR(D3/D6,"0") -> 0 | E7: =IFERROR(E3/E6,"0") -> 4.2265625 | F7: =IFERROR(F3/F6,"0") -> 1 | G7: =IFERROR(G3/G6,"0") -> 0.5 | H7: =IFERROR(H3/H6,"0") -> 3.7916667 | I7: =IFERROR(I3/I6,"0") -> 4.9605263 | J7: =IFERROR(J3/J6,"0") -> 0 | K7: =IFERROR(K3/K6,"0") -> 1.3125 | ... GR7: =IFERROR(GR3/GR6,"0") -> 4.0902778
A8: 13 to 15.99 | B8: $0.55 | D8: =$B$4*8*13 -> 2184 | E8: =$B$4*8*13 -> 2184 | F8: =$B$4*8*13 -> 2184 | G8: =$B$4*8*13 -> 2184 | H8: =$B$4*8*13 -> 2184 | I8: =$B$4*8*13 -> 2184 | J8: =$B$4*8*13 -> 2184 | K8: =$B$4*8*13 -> 2184 | ... GR8: =$B$4*8*13 -> 2184
A9: To Achieve 13 | D9: =D3-D8 -> -2184 | E9: =E3-E8 -> -1643 | F9: =F3-F8 -> -2168 | G9: =G3-G8 -> -2168 | H9: =H3-H8 -> -1547 | I9: =I3-I8 -> -1430 | J9: =J3-J8 -> -2184 | K9: =K3-K8 -> -2163 | ... GR9: =GR3-GR8 -> -1595
A10: 16 to 20.99 | B10: $0.60 | D10: =$B$4*8*16 -> 2688 | E10: =$B$4*8*16 -> 2688 | F10: =$B$4*8*16 -> 2688 | G10: =$B$4*8*16 -> 2688 | H10: =$B$4*8*16 -> 2688 | I10: =$B$4*8*16 -> 2688 | J10: =$B$4*8*16 -> 2688 | K10: =$B$4*8*16 -> 2688 | ... GR10: =$B$4*8*16 -> 2688
A11: To Achieve 16 | D11: =D3-D10 -> -2688 | E11: =E3-E10 -> -2147 | F11: =F3-F10 -> -2672 | G11: =G3-G10 -> -2672 | H11: =H3-H10 -> -2051 | I11: =I3-I10 -> -1934 | J11: =J3-J10 -> -2688 | K11: =K3-K10 -> -2667 | ... GR11: =GR3-GR10 -> -2099
A12: 21 and above | B12: $0.65 | D12: =$B$4*8*21 -> 3528 | E12: =$B$4*8*21 -> 3528 | F12: =$B$4*8*21 -> 3528 | G12: =$B$4*8*21 -> 3528 | H12: =$B$4*8*21 -> 3528 | I12: =$B$4*8*21 -> 3528 | J12: =$B$4*8*21 -> 3528 | K12: =$B$4*8*21 -> 3528 | ... GR12: =$B$4*8*21 -> 3528
A13: To Achieve 21 | D13: =D3-D12 -> -3528 | E13: =E3-E12 -> -2987 | F13: =F3-F12 -> -3512 | G13: =G3-G12 -> -3512 | H13: =H3-H12 -> -2891 | I13: =I3-I12 -> -2774 | J13: =J3-J12 -> -3528 | K13: =K3-K12 -> -3507 | ... GR13: =GR3-GR12 -> -2939
A14: Working days left | D14: =$B$4-$D$15 -> 12 | E14: =$B$4-$D$15 -> 12 | F14: =$B$4-$D$15 -> 12 | G14: =$B$4-$D$15 -> 12 | H14: =$B$4-$D$15 -> 12 | I14: =$B$4-$D$15 -> 12 | J14: =$B$4-$D$15 -> 12 | K14: =$B$4-$D$15 -> 12 | ... GR14: =$B$4-$D$15 -> 12
A15: 0 to 12.99 | B15: $0.50 | D15: =B4-12 -> 9
A16: 13 to 15.99 | B16: $0.55
A17: 16 to 20.99 | B17: $0.60
A18: 21 and above | B18: $0.65
A19: Total Basic Payout | C19: =SUM(D19:GR19) -> 52690.2 | D19: =IF(D7>20.99,(D3*$B$18),IF(AND(D7>15.99,D7<21),(D3*$B$17),IF(AND(D7>12.99,D7<16),(D3*$B$16),IF(D7<13,D3*$B$15)))) -> 0 | E19: =IF(E7>20.99,(E3*$B$18),IF(AND(E7>15.99,E7<21),(E3*$B$17),IF(AND(E7>12.99,E7<16),(E3*$B$16),IF(E7<13,E3*$B$15)))) -> 270.5 | F19: =IF(F7>20.99,(F3*$B$18),IF(AND(F7>15.99,F7<21),(F3*$B$17),IF(AND(F7>12.99,F7<16),(F3*$B$16),IF(F7<13,F3*$B$15)))) -> 8 | G19: =IF(G7>20.99,(G3*$B$18),IF(AND(G7>15.99,G7<21),(G3*$B$17),IF(AND(G7>12.99,G7<16),(G3*$B$16),IF(G7<13,G3*$B$15)))) -> 8 | H19: =IF(H7>20.99,(H3*$B$18),IF(AND(H7>15.99,H7<21),(H3*$B$17),IF(AND(H7>12.99,H7<16),(H3*$B$16),IF(H7<13,H3*$B$15)))) -> 318.5 | I19: =IF(I7>20.99,(I3*$B$18),IF(AND(I7>15.99,I7<21),(I3*$B$17),IF(AND(I7>12.99,I7<16),(I3*$B$16),IF(I7<13,I3*$B$15)))) -> 377 | J19: =IF(J7>20.99,(J3*$B$18),IF(AND(J7>15.99,J7<21),(J3*$B$17),IF(AND(J7>12.99,J7<16),(J3*$B$16),IF(J7<13,J3*$B$15)))) -> 0 | K19: =IF(K7>20.99,(K3*$B$18),IF(AND(K7>15.99,K7<21),(K3*$B$17),IF(AND(K7>12.99,K7<16),(K3*$B$16),IF(K7<13,K3*$B$15)))) -> 10.5 | ... GR19: =IF(GR7>20.99,(GR3*$B$18),IF(AND(GR7>15.99,GR7<21),(GR3*$B$17),IF(AND(GR7>12.99,GR7<16),(GR3*$B$16),IF(GR7<13,GR3*$B$15)))) -> 294.5
A20: Date | B20: Day | C20: Overall | D20: =D1 -> Aanya | E20: =E1 -> Ahila Sundaresan | F20: =F1 -> Alekhya Pokuri | G20: =G1 -> Ambar Romero | H20: =H1 -> Amel Yousfi | I20: =I1 -> Amrita Singh | J20: =J1 -> Andrea Lorenzano | K20: =K1 -> Angayarkanni Kannan | ... GR20: =GR1 -> Yazhini Ravichandran
A21: ='Payroll MRO'!A3 -> 46023 | B21: =TEXT(A21,"DDD") -> Thu | C21: =SUM(D21:GR21) -> 1553 | D21: ='Payroll Verisma'!D3+'Payroll MRO'!D3 -> 0 | E21: ='Payroll Verisma'!E3+'Payroll MRO'!E3 -> 0 | F21: ='Payroll Verisma'!F3+'Payroll MRO'!F3 -> 0 | G21: ='Payroll Verisma'!G3+'Payroll MRO'!G3 -> 0 | H21: ='Payroll Verisma'!H3+'Payroll MRO'!H3 -> 0 | I21: ='Payroll Verisma'!I3+'Payroll MRO'!I3 -> 0 | J21: ='Payroll Verisma'!J3+'Payroll MRO'!J3 -> 0 | K21: ='Payroll Verisma'!K3+'Payroll MRO'!K3 -> 0 | ... GR21: ='Payroll Verisma'!GR3+'Payroll MRO'!GR3 -> 0
A22: =A21+1 -> 46024 | B22: =TEXT(A22,"DDD") -> Fri | C22: =SUM(D22:GR22) -> 4728 | D22: ='Payroll Verisma'!D4+'Payroll MRO'!D4 -> 0 | E22: ='Payroll Verisma'!E4+'Payroll MRO'!E4 -> 0 | F22: ='Payroll Verisma'!F4+'Payroll MRO'!F4 -> 0 | G22: ='Payroll Verisma'!G4+'Payroll MRO'!G4 -> 0 | H22: ='Payroll Verisma'!H4+'Payroll MRO'!H4 -> 33 | I22: ='Payroll Verisma'!I4+'Payroll MRO'!I4 -> 0 | J22: ='Payroll Verisma'!J4+'Payroll MRO'!J4 -> 0 | K22: ='Payroll Verisma'!K4+'Payroll MRO'!K4 -> 0 | ... GR22: ='Payroll Verisma'!GR4+'Payroll MRO'!GR4 -> 55
A23: =A22+1 -> 46025 | B23: =TEXT(A23,"DDD") -> Sat | C23: =SUM(D23:GR23) -> 1012 | D23: ='Payroll Verisma'!D5+'Payroll MRO'!D5 -> 0 | E23: ='Payroll Verisma'!E5+'Payroll MRO'!E5 -> 0 | F23: ='Payroll Verisma'!F5+'Payroll MRO'!F5 -> 0 | G23: ='Payroll Verisma'!G5+'Payroll MRO'!G5 -> 0 | H23: ='Payroll Verisma'!H5+'Payroll MRO'!H5 -> 11 | I23: ='Payroll Verisma'!I5+'Payroll MRO'!I5 -> 0 | J23: ='Payroll Verisma'!J5+'Payroll MRO'!J5 -> 0 | K23: ='Payroll Verisma'!K5+'Payroll MRO'!K5 -> 0 | ... GR23: ='Payroll Verisma'!GR5+'Payroll MRO'!GR5 -> 0
A24: =A23+1 -> 46026 | B24: =TEXT(A24,"DDD") -> Sun | C24: =SUM(D24:GR24) -> 726 | D24: ='Payroll Verisma'!D6+'Payroll MRO'!D6 -> 0 | E24: ='Payroll Verisma'!E6+'Payroll MRO'!E6 -> 0 | F24: ='Payroll Verisma'!F6+'Payroll MRO'!F6 -> 0 | G24: ='Payroll Verisma'!G6+'Payroll MRO'!G6 -> 0 | H24: ='Payroll Verisma'!H6+'Payroll MRO'!H6 -> 10 | I24: ='Payroll Verisma'!I6+'Payroll MRO'!I6 -> 0 | J24: ='Payroll Verisma'!J6+'Payroll MRO'!J6 -> 0 | K24: ='Payroll Verisma'!K6+'Payroll MRO'!K6 -> 0 | ... GR24: ='Payroll Verisma'!GR6+'Payroll MRO'!GR6 -> 4
A25: =A24+1 -> 46027 | B25: =TEXT(A25,"DDD") -> Mon | C25: =SUM(D25:GR25) -> 5480 | D25: ='Payroll Verisma'!D7+'Payroll MRO'!D7 -> 0 | E25: ='Payroll Verisma'!E7+'Payroll MRO'!E7 -> 0 | F25: ='Payroll Verisma'!F7+'Payroll MRO'!F7 -> 0 | G25: ='Payroll Verisma'!G7+'Payroll MRO'!G7 -> 0 | H25: ='Payroll Verisma'!H7+'Payroll MRO'!H7 -> 41 | I25: ='Payroll Verisma'!I7+'Payroll MRO'!I7 -> 47 | J25: ='Payroll Verisma'!J7+'Payroll MRO'!J7 -> 0 | K25: ='Payroll Verisma'!K7+'Payroll MRO'!K7 -> 0 | ... GR25: ='Payroll Verisma'!GR7+'Payroll MRO'!GR7 -> 40
A26: =A25+1 -> 46028 | B26: =TEXT(A26,"DDD") -> Tue | C26: =SUM(D26:GR26) -> 5481 | D26: ='Payroll Verisma'!D8+'Payroll MRO'!D8 -> 0 | E26: ='Payroll Verisma'!E8+'Payroll MRO'!E8 -> 27 | F26: ='Payroll Verisma'!F8+'Payroll MRO'!F8 -> 0 | G26: ='Payroll Verisma'!G8+'Payroll MRO'!G8 -> 0 | H26: ='Payroll Verisma'!H8+'Payroll MRO'!H8 -> 14 | I26: ='Payroll Verisma'!I8+'Payroll MRO'!I8 -> 42 | J26: ='Payroll Verisma'!J8+'Payroll MRO'!J8 -> 0 | K26: ='Payroll Verisma'!K8+'Payroll MRO'!K8 -> 0 | ... GR26: ='Payroll Verisma'!GR8+'Payroll MRO'!GR8 -> 32
A27: =A26+1 -> 46029 | B27: =TEXT(A27,"DDD") -> Wed | C27: =SUM(D27:GR27) -> 5501 | D27: ='Payroll Verisma'!D9+'Payroll MRO'!D9 -> 0 | E27: ='Payroll Verisma'!E9+'Payroll MRO'!E9 -> 64 | F27: ='Payroll Verisma'!F9+'Payroll MRO'!F9 -> 0 | G27: ='Payroll Verisma'!G9+'Payroll MRO'!G9 -> 0 | H27: ='Payroll Verisma'!H9+'Payroll MRO'!H9 -> 33 | I27: ='Payroll Verisma'!I9+'Payroll MRO'!I9 -> 66 | J27: ='Payroll Verisma'!J9+'Payroll MRO'!J9 -> 0 | K27: ='Payroll Verisma'!K9+'Payroll MRO'!K9 -> 0 | ... GR27: ='Payroll Verisma'!GR9+'Payroll MRO'!GR9 -> 29
A28: =A27+1 -> 46030 | B28: =TEXT(A28,"DDD") -> Thu | C28: =SUM(D28:GR28) -> 6448 | D28: ='Payroll Verisma'!D10+'Payroll MRO'!D10 -> 0 | E28: ='Payroll Verisma'!E10+'Payroll MRO'!E10 -> 26 | F28: ='Payroll Verisma'!F10+'Payroll MRO'!F10 -> 0 | G28: ='Payroll Verisma'!G10+'Payroll MRO'!G10 -> 0 | H28: ='Payroll Verisma'!H10+'Payroll MRO'!H10 -> 35 | I28: ='Payroll Verisma'!I10+'Payroll MRO'!I10 -> 62 | J28: ='Payroll Verisma'!J10+'Payroll MRO'!J10 -> 0 | K28: ='Payroll Verisma'!K10+'Payroll MRO'!K10 -> 0 | ... GR28: ='Payroll Verisma'!GR10+'Payroll MRO'!GR10 -> 31
A29: =A28+1 -> 46031 | B29: =TEXT(A29,"DDD") -> Fri | C29: =SUM(D29:GR29) -> 5539 | D29: ='Payroll Verisma'!D11+'Payroll MRO'!D11 -> 0 | E29: ='Payroll Verisma'!E11+'Payroll MRO'!E11 -> 0 | F29: ='Payroll Verisma'!F11+'Payroll MRO'!F11 -> 0 | G29: ='Payroll Verisma'!G11+'Payroll MRO'!G11 -> 0 | H29: ='Payroll Verisma'!H11+'Payroll MRO'!H11 -> 35 | I29: ='Payroll Verisma'!I11+'Payroll MRO'!I11 -> 97 | J29: ='Payroll Verisma'!J11+'Payroll MRO'!J11 -> 0 | K29: ='Payroll Verisma'!K11+'Payroll MRO'!K11 -> 0 | ... GR29: ='Payroll Verisma'!GR11+'Payroll MRO'!GR11 -> 31
A30: =A29+1 -> 46032 | B30: =TEXT(A30,"DDD") -> Sat | C30: =SUM(D30:GR30) -> 467 | D30: ='Payroll Verisma'!D12+'Payroll MRO'!D12 -> 0 | E30: ='Payroll Verisma'!E12+'Payroll MRO'!E12 -> 0 | F30: ='Payroll Verisma'!F12+'Payroll MRO'!F12 -> 0 | G30: ='Payroll Verisma'!G12+'Payroll MRO'!G12 -> 0 | H30: ='Payroll Verisma'!H12+'Payroll MRO'!H12 -> 0 | I30: ='Payroll Verisma'!I12+'Payroll MRO'!I12 -> 0 | J30: ='Payroll Verisma'!J12+'Payroll MRO'!J12 -> 0 | K30: ='Payroll Verisma'!K12+'Payroll MRO'!K12 -> 0 | ... GR30: ='Payroll Verisma'!GR12+'Payroll MRO'!GR12 -> 0
A31: =A30+1 -> 46033 | B31: =TEXT(A31,"DDD") -> Sun | C31: =SUM(D31:GR31) -> 512 | D31: ='Payroll Verisma'!D13+'Payroll MRO'!D13 -> 0 | E31: ='Payroll Verisma'!E13+'Payroll MRO'!E13 -> 0 | F31: ='Payroll Verisma'!F13+'Payroll MRO'!F13 -> 0 | G31: ='Payroll Verisma'!G13+'Payroll MRO'!G13 -> 0 | H31: ='Payroll Verisma'!H13+'Payroll MRO'!H13 -> 0 | I31: ='Payroll Verisma'!I13+'Payroll MRO'!I13 -> 0 | J31: ='Payroll Verisma'!J13+'Payroll MRO'!J13 -> 0 | K31: ='Payroll Verisma'!K13+'Payroll MRO'!K13 -> 0 | ... GR31: ='Payroll Verisma'!GR13+'Payroll MRO'!GR13 -> 10
A32: =A31+1 -> 46034 | B32: =TEXT(A32,"DDD") -> Mon | C32: =SUM(D32:GR32) -> 5877 | D32: ='Payroll Verisma'!D14+'Payroll MRO'!D14 -> 0 | E32: ='Payroll Verisma'!E14+'Payroll MRO'!E14 -> 49 | F32: ='Payroll Verisma'!F14+'Payroll MRO'!F14 -> 0 | G32: ='Payroll Verisma'!G14+'Payroll MRO'!G14 -> 0 | H32: ='Payroll Verisma'!H14+'Payroll MRO'!H14 -> 58 | I32: ='Payroll Verisma'!I14+'Payroll MRO'!I14 -> 51 | J32: ='Payroll Verisma'!J14+'Payroll MRO'!J14 -> 0 | K32: ='Payroll Verisma'!K14+'Payroll MRO'!K14 -> 0 | ... GR32: ='Payroll Verisma'!GR14+'Payroll MRO'!GR14 -> 32
A33: =A32+1 -> 46035 | B33: =TEXT(A33,"DDD") -> Tue | C33: =SUM(D33:GR33) -> 5014 | D33: ='Payroll Verisma'!D15+'Payroll MRO'!D15 -> 0 | E33: ='Payroll Verisma'!E15+'Payroll MRO'!E15 -> 17 | F33: ='Payroll Verisma'!F15+'Payroll MRO'!F15 -> 0 | G33: ='Payroll Verisma'!G15+'Payroll MRO'!G15 -> 0 | H33: ='Payroll Verisma'!H15+'Payroll MRO'!H15 -> 28 | I33: ='Payroll Verisma'!I15+'Payroll MRO'!I15 -> 89 | J33: ='Payroll Verisma'!J15+'Payroll MRO'!J15 -> 0 | K33: ='Payroll Verisma'!K15+'Payroll MRO'!K15 -> 0 | ... GR33: ='Payroll Verisma'!GR15+'Payroll MRO'!GR15 -> 24
... A51: =A50+1 -> 46053 | B51: =TEXT(A51,"DDD") -> Sat | C51: =SUM(D51:GR51) -> 755 | D51: ='Payroll Verisma'!D33+'Payroll MRO'!D33 -> 0 | E51: ='Payroll Verisma'!E33+'Payroll MRO'!E33 -> 0 | F51: ='Payroll Verisma'!F33+'Payroll MRO'!F33 -> 0 | G51: ='Payroll Verisma'!G33+'Payroll MRO'!G33 -> 0 | H51: ='Payroll Verisma'!H33+'Payroll MRO'!H33 -> 0 | I51: ='Payroll Verisma'!I33+'Payroll MRO'!I33 -> 44 | J51: ='Payroll Verisma'!J33+'Payroll MRO'!J33 -> 0 | K51: ='Payroll Verisma'!K33+'Payroll MRO'!K33 -> 0 | ... GR51: ='Payroll Verisma'!GR33+'Payroll MRO'!GR33 -> 0
C52: =SUM(C21:C51) -> 118326 | D52: =SUM(D21:D51) -> 0 | E52: =SUM(E21:E51) -> 613 | F52: =SUM(F21:F51) -> 16 | G52: =SUM(G21:G51) -> 16 | H52: =SUM(H21:H51) -> 637 | I52: =SUM(I21:I51) -> 1223 | J52: =SUM(J21:J51) -> 0 | ... GR52: =SUM(GR21:GR51) -> 589
C53: =C52-'Processing Count'!G24-'Processing Count'!G59 -> 100959

Sheet Release & QC
A1: Process | B1: Description | C1: Aanya | D1: Andrea Lorenzano | E1: Sudesh Goel | F1: Mool chand | G1: Vyom Bhandari | H1: Sunitha Nara | I1: Ahila Sundaresan | J1: Rashmi Kottachery | K1: Manjunath JagadishPai | L1: Kely | M1: Ambar Romero | Q1: =P1-G34 -> 0
A2: Total Release Payout | B2: =SUM(C2:M2) -> 22170.25 | C2: =SUM(C55,C58,C61) -> 4391.5 | D2: =SUM(D55,D58,D61) -> 284.5 | E2: =SUM(E55,E58,E61) -> 3836 | F2: =SUM(F55,F58,F61) -> 3846 | G2: =SUM(G55,G58,G61) -> 4781 | H2: =SUM(H55,H58,H61) -> 0 | I2: =SUM(I55,I58,I61) -> 229.5 | J2: =SUM(J55,J58,J61) -> 0 | ... M2: =SUM(M55,M58,M61) -> 3519.75 | Q2: =F14-P2 -> 163
A3: ='Processing Count'!A2 -> Ahwataukee | B3: =SUM(C3:M3) -> 0 | C3: =IFERROR(HLOOKUP(C$1,'Processing Count'!$C$1:$E$16,2,0),0) -> 0 | D3: =IFERROR(HLOOKUP(D$1,'Processing Count'!$C$1:$E$16,2,0),0) -> 0 | E3: 0 | F3: =IFERROR(HLOOKUP(F$1,'Processing Count'!$C$1:$E$16,2,0),0) -> 0 | G3: 0 | H3: =IFERROR(HLOOKUP(H$1,'Processing Count'!$C$1:$E$16,2,0),0) -> 0 | I3: =IFERROR(HLOOKUP(I$1,'Processing Count'!$C$1:$E$16,2,0),0) -> 0 | J3: =IFERROR(HLOOKUP(J$1,'Processing Count'!$C$1:$E$16,2,0),0) -> 0 | K3: =IFERROR(HLOOKUP(K$1,'Processing Count'!$C$1:$E$16,2,0),0) -> 0 | M3: =IFERROR(HLOOKUP(M$1,'Processing Count'!$C$1:$E$16,2,0),0) -> 0
A4: ='Processing Count'!A3 -> Aprima_Processing | B4: =SUM(C4:M4) -> 53 | C4: =IFERROR(HLOOKUP(C$1,'Processing Count'!$C$1:$E$16,3,0),0) -> 0 | D4: =IFERROR(HLOOKUP(D$1,'Processing Count'!$C$1:$E$16,3,0),0) -> 0 | E4: ='Processing Count'!G3 -> 53 | F4: =IFERROR(HLOOKUP(F$1,'Processing Count'!$C$1:$E$16,3,0),0) -> 0 | G4: 0 | H4: =IFERROR(HLOOKUP(H$1,'Processing Count'!$C$1:$E$16,3,0),0) -> 0 | I4: =IFERROR(HLOOKUP(I$1,'Processing Count'!$C$1:$E$16,3,0),0) -> 0 | J4: =IFERROR(HLOOKUP(J$1,'Processing Count'!$C$1:$E$16,3,0),0) -> 0 | K4: =IFERROR(HLOOKUP(K$1,'Processing Count'!$C$1:$E$16,3,0),0) -> 0 | M4: =IFERROR(HLOOKUP(M$1,'Processing Count'!$C$1:$E$16,3,0),0) -> 0
A5: ='Processing Count'!A4 -> Bronx-Care Processing | B5: =SUM(C5:M5) -> 997 | C5: =IFERROR(HLOOKUP(C$1,'Processing Count'!$C$1:$E$16,4,0),0) -> 0 | D5: =IFERROR(HLOOKUP(D$1,'Processing Count'!$C$1:$E$16,4,0),0) -> 0 | E5: =IFERROR(HLOOKUP(E$1,'Processing Count'!$C$1:$E$16,4,0),0) -> 0 | F5: ='Processing Count'!G4 -> 997 | H5: =IFERROR(HLOOKUP(H$1,'Processing Count'!E$1:$E$16,4,0),0) -> 0 | I5: =IFERROR(HLOOKUP(I$1,'Processing Count'!$E$1:F$16,4,0),0) -> 0 | J5: =IFERROR(HLOOKUP(J$1,'Processing Count'!$E$1:G$16,4,0),0) -> 0 | K5: =IFERROR(HLOOKUP(K$1,'Processing Count'!$E$1:H$16,4,0),0) -> 0 | M5: =IFERROR(HLOOKUP(M$1,'Processing Count'!$E$1:I$16,4,0),0) -> 0
A6: ='Processing Count'!A6 -> Evara-Health Processing | B6: =SUM(C6:M6) -> 0
A7: ='Processing Count'!A7 -> Meritas | B7: =SUM(C7:M7) -> 9 | E7: ='Processing Count'!G7 -> 9
A8: ='Processing Count'!A8 -> NKCH Processing | B8: =SUM(C8:M8) -> 257 | E8: ='Processing Count'!G8 -> 257
A9: ='Processing Count'!A9 -> NYP EMR | B9: =SUM(C9:M9) -> 59 | M9: ='Processing Count'!G9 -> 59
A10: ='Processing Count'!A10 -> Eisenhower | B10: =SUM(C10:M10) -> 124 | G10: ='Processing Count'!G10 -> 124
A11: ='Processing Count'!A11 -> Washington Family | B11: =SUM(C11:M11) -> 0
A12: ='Processing Count'!A12 -> AZA-Processing | B12: =SUM(C12:M12) -> 65 | E12: ='Processing Count'!G12 -> 65
A13: ='Processing Count'!A17 -> InterMed DDS
A14: UPMC-HPR-Processing | B14: =SUM(C14:M14) -> 163 | F14: ='Processing Count'!G18 -> 163
A15: ='Processing Count'!A14 -> Spring Branch-Processing | B15: =SUM(C15:M15) -> 0
A16: ='Processing Count'!A19 -> J.O.Wyatt Clinic-Processing | B16: =SUM(C16:M16) -> 59 | F16: ='Processing Count'!G19 -> 59
A17: ='Processing Count'!A20 -> Riverton Family HC-Processing | B17: =SUM(C17:M17) -> 46 | F17: ='Processing Count'!G20 -> 46
A18: Total Cases | B18: =SUM(C18:M18) -> 835 | C18: =SUM(C3:C4,C6:C17) -> 0 | D18: =SUM(D3:D4,D6:D17) -> 0 | E18: =SUM(E3:E4,E6:E17) -> 384 | F18: =SUM(F3:F4,F6:F17) -> 268 | G18: =SUM(G3:G4,G6:G17) -> 124 | H18: =SUM(H3:H4,H6:H17) -> 0 | I18: =SUM(I3:I4,I6:I17) -> 0 | J18: =SUM(J3:J4,J6:J17) -> 0 | ... M18: =SUM(M3:M4,M6:M17) -> 59
A19: Verisma Payout/Cases | B19: 0.5 | C19: 0.5 | D19: =C19+0 -> 0.5 | E19: =D19+0 -> 0.5 | F19: =E19+0 -> 0.5 | G19: =F19+0 -> 0.5 | H19: =G19+0 -> 0.5 | I19: =H19+0 -> 0.5 | J19: =I19+0 -> 0.5 | K19: =J19+0 -> 0.5 | L19: =K19+0 -> 0.5 | M19: =K19+0 -> 0.5
A20: Payout (Excluding Bronx) | B20: =SUM(C20:M20) -> 417.5 | C20: =C18*C19 -> 0 | D20: =D18*D19 -> 0 | E20: =E18*E19 -> 192 | F20: =F18*F19 -> 134 | G20: =G18*G19 -> 62 | H20: =H18*H19 -> 0 | I20: =I18*I19 -> 0 | J20: =J18*J19 -> 0 | ... M20: =M18*M19 -> 29.5
A21: Datavant Cases Released | B21: =SUM(C21:M21) -> 41089 | C21: 14000 | E21: 14128 | F21: 6872 | L21: 5128 | M21: 961
A22: Datavant Payout/Case | B22: 0.25 | C22: =B22+0 -> 0.25 | D22: =C22+0 -> 0.25 | E22: =D22+0 -> 0.25 | F22: =E22+0 -> 0.25 | G22: =F22+0 -> 0.25 | H22: =G22+0 -> 0.25 | I22: =H22+0 -> 0.25 | J22: =I22+0 -> 0.25 | ... L22: =K22+0 -> 0.25 | M22: =K22+0 -> 0.25
A23: Datavant Total Payout | B23: =SUM(C23:M23) -> 10272.25 | C23: =C21*C22 -> 3500 | D23: =D21*D22 -> 0 | E23: =E21*E22 -> 3532 | F23: =F21*F22 -> 1718 | G23: =G21*G22 -> 0 | H23: =H21*H22 -> 0 | I23: =I21*I22 -> 0 | J23: =J21*J22 -> 0 | ... M23: =M21*M22 -> 240.25
A24: Bronx care Processing | B24: 2 | C24: 2 | D24: =C24+0 -> 2 | E24: =D24+0 -> 2 | F24: =E24+0 -> 2 | G24: =F24+0 -> 2 | H24: =G24+0 -> 2 | I24: =H24+0 -> 2 | J24: =I24+0 -> 2 | K24: =J24+0 -> 2 | L24: =K24+0 -> 2 | M24: =K24+0 -> 2
A25: Bronx Care Payout | B25: =SUM(C25:M25) -> 1994 | C25: =C5*C24 -> 0 | D25: =D5*D24 -> 0 | E25: =E5*E24 -> 0 | F25: =F5*F24 -> 1994 | G25: =G5*G24 -> 0 | H25: =H5*H24 -> 0 | I25: =I5*I24 -> 0 | J25: =J5*J24 -> 0 | ... M25: =M5*M24 -> 0
A26: Verisma and Datavant Total Payout | B26: =SUM(C26:M26) -> 12683.75 | C26: =SUM(C20,C23,C25) -> 3500 | D26: =SUM(D20,D23,D25) -> 0 | E26: =SUM(E20,E23,E25) -> 3724 | F26: =SUM(F20,F23,F25) -> 3846 | G26: =SUM(G20,G23,G25) -> 62 | H26: =SUM(H20,H23,H25) -> 0 | I26: =SUM(I20,I23,I25) -> 0 | J26: =SUM(J20,J23,J25) -> 0 | ... M26: =SUM(M20,M23,M25) -> 269.75
A27: ='Processing Count'!A28 -> Banner Health_Processing | B27: =SUM(C27:M27) -> 0 | C27: =IFERROR(VLOOKUP(A27,'Processing Count'!A27:E53,5,0),0) -> 0 | E27: =IFERROR(VLOOKUP(A27,'Processing Count'!A27:C53,3,0),0) -> 0 | F27: =IFERROR(VLOOKUP(A27,'Processing Count'!A27:D53,4,0),0) -> 0 | G27: =IFERROR(VLOOKUP(A27,'Processing Count'!A27:F53,6,0),0) -> 0
A28: ='Processing Count'!A29 -> Duke_Processing | B28: =SUM(C28:M28) -> 981 | C28: =IFERROR(VLOOKUP(A28,'Processing Count'!A28:E59,5,0),0) -> 981 | E28: =IFERROR(VLOOKUP(A28,'Processing Count'!A28:C59,3,0),0) -> 0 | F28: =IFERROR(VLOOKUP(A28,'Processing Count'!A28:D59,4,0),0) -> 0 | G28: =IFERROR(VLOOKUP(A28,'Processing Count'!A28:F59,6,0),0) -> 0
A29: ='Processing Count'!A30 -> North Side_Processing | B29: =SUM(C29:M29) -> 7186 | C29: =IFERROR(VLOOKUP(A29,'Processing Count'!A29:E60,5,0),0) -> 0 | E29: =IFERROR(VLOOKUP(A29,'Processing Count'!A29:C60,3,0),0) -> 0 | F29: =IFERROR(VLOOKUP(A29,'Processing Count'!A29:D60,4,0),0) -> 0 | G29: =IFERROR(VLOOKUP(A29,'Processing Count'!A29:F60,6,0),0) -> 7186
A30: ='Processing Count'!A31 -> Penn_Processing | B30: =SUM(C30:M30) -> 0 | C30: =IFERROR(VLOOKUP(A30,'Processing Count'!A30:E61,5,0),0) -> 0 | E30: =IFERROR(VLOOKUP(A30,'Processing Count'!A30:C61,3,0),0) -> 0 | F30: =IFERROR(VLOOKUP(A30,'Processing Count'!A30:D61,4,0),0) -> 0 | G30: =IFERROR(VLOOKUP(A30,'Processing Count'!A30:F61,6,0),0) -> 0
A31: ='Processing Count'!A32 -> Trinity CT&MI Processing | B31: =SUM(C31:M31) -> 0 | C31: =IFERROR(VLOOKUP(A31,'Processing Count'!A31:E62,5,0),0) -> 0 | E31: =IFERROR(VLOOKUP(A31,'Processing Count'!A31:C62,3,0),0) -> 0 | F31: =IFERROR(VLOOKUP(A31,'Processing Count'!A31:D62,4,0),0) -> 0 | G31: =IFERROR(VLOOKUP(A31,'Processing Count'!A31:F62,6,0),0) -> 0
A32: ='Processing Count'!A33 -> Trinity IHA_Processing | B32: =SUM(C32:M32) -> 0 | C32: =IFERROR(VLOOKUP(A32,'Processing Count'!A32:E63,5,0),0) -> 0 | E32: =IFERROR(VLOOKUP(A32,'Processing Count'!A32:C63,3,0),0) -> 0 | F32: =IFERROR(VLOOKUP(A32,'Processing Count'!A32:D63,4,0),0) -> 0 | G32: =IFERROR(VLOOKUP(A32,'Processing Count'!A32:F63,6,0),0) -> 0
A33: ='Processing Count'!A34 -> Trinity Albany _Processing | B33: =SUM(C33:M33) -> 0 | C33: =IFERROR(VLOOKUP(A33,'Processing Count'!A33:E64,5,0),0) -> 0 | E33: =IFERROR(VLOOKUP(A33,'Processing Count'!A33:C64,3,0),0) -> 0 | F33: =IFERROR(VLOOKUP(A33,'Processing Count'!A33:D64,4,0),0) -> 0 | G33: =IFERROR(VLOOKUP(A33,'Processing Count'!A33:F64,6,0),0) -> 0
A34: ='Processing Count'!A35 -> Corewell Processing | B34: =SUM(C34:M34) -> 0 | C34: =IFERROR(VLOOKUP(A34,'Processing Count'!A34:E65,5,0),0) -> 0 | E34: =IFERROR(VLOOKUP(A34,'Processing Count'!A34:C65,3,0),0) -> 0 | F34: =IFERROR(VLOOKUP(A34,'Processing Count'!A34:D65,4,0),0) -> 0 | G34: =IFERROR(VLOOKUP(A34,'Processing Count'!A34:F65,6,0),0) -> 0 | J34: =IFERROR(HLOOKUP(J$1,'Processing Count'!$C$27:$F$47,9,0),0) -> 0 | K34: =IFERROR(HLOOKUP(K$1,'Processing Count'!$C$27:$F$47,9,0),0) -> 0 | M34: =IFERROR(HLOOKUP(M$1,'Processing Count'!$C$27:$F$47,9,0),0) -> 0
A35: ='Processing Count'!A36 -> Trinity-Loyola Processing | B35: =SUM(C35:M35) -> 292 | C35: =IFERROR(VLOOKUP(A35,'Processing Count'!A35:E66,5,0),0) -> 292 | E35: =IFERROR(VLOOKUP(A35,'Processing Count'!A35:C66,3,0),0) -> 0 | F35: =IFERROR(VLOOKUP(A35,'Processing Count'!A35:D66,4,0),0) -> 0 | G35: =IFERROR(VLOOKUP(A35,'Processing Count'!A35:F66,6,0),0) -> 0
A36: ='Processing Count'!A38 -> Trinity-New England Processing | B36: =SUM(C36:M36) -> 0 | C36: =IFERROR(VLOOKUP(A36,'Processing Count'!A36:E67,5,0),0) -> 0 | E36: =IFERROR(VLOOKUP(A36,'Processing Count'!A36:C67,3,0),0) -> 0 | F36: =IFERROR(VLOOKUP(A36,'Processing Count'!A36:D67,4,0),0) -> 0 | G36: =IFERROR(VLOOKUP(A36,'Processing Count'!A36:F67,6,0),0) -> 0
A37: ='Processing Count'!A39 -> Tidelands Health Processing | B37: =SUM(C37:M37) -> 0 | C37: =IFERROR(VLOOKUP(A37,'Processing Count'!A37:E68,5,0),0) -> 0 | E37: =IFERROR(VLOOKUP(A37,'Processing Count'!A37:C68,3,0),0) -> 0 | F37: =IFERROR(VLOOKUP(A37,'Processing Count'!A37:D68,4,0),0) -> 0 | G37: =IFERROR(VLOOKUP(A37,'Processing Count'!A37:F68,6,0),0) -> 0
A38: ='Processing Count'!A40 -> Cape Cod Processing | B38: =SUM(C38:M38) -> 2252 | C38: =IFERROR(VLOOKUP(A38,'Processing Count'!A38:E69,5,0),0) -> 0 | E38: =IFERROR(VLOOKUP(A38,'Processing Count'!A38:C69,3,0),0) -> 0 | F38: =IFERROR(VLOOKUP(A38,'Processing Count'!A38:D69,4,0),0) -> 0 | G38: =IFERROR(VLOOKUP(A38,'Processing Count'!A38:F69,6,0),0) -> 2252
A39: ='Processing Count'!A41 -> Fairview Processing | B39: =SUM(C39:M39) -> 0 | C39: =IFERROR(VLOOKUP(A39,'Processing Count'!A39:E70,5,0),0) -> 0 | E39: =IFERROR(VLOOKUP(A39,'Processing Count'!A39:C70,3,0),0) -> 0 | F39: =IFERROR(VLOOKUP(A39,'Processing Count'!A39:D70,4,0),0) -> 0 | G39: =IFERROR(VLOOKUP(A39,'Processing Count'!A39:F70,6,0),0) -> 0
A40: ='Processing Count'!A42 -> Memorial health Care processing | B40: =SUM(C40:M40) -> 0 | C40: =IFERROR(VLOOKUP(A40,'Processing Count'!A40:E71,5,0),0) -> 0 | E40: =IFERROR(VLOOKUP(A40,'Processing Count'!A40:C71,3,0),0) -> 0 | F40: =IFERROR(VLOOKUP(A40,'Processing Count'!A40:D71,4,0),0) -> 0 | G40: =IFERROR(VLOOKUP(A40,'Processing Count'!A40:F71,6,0),0) -> 0
A41: ='Processing Count'!A43 -> Wellstar Processing | B41: =SUM(C41:M41) -> 0 | C41: =IFERROR(VLOOKUP(A41,'Processing Count'!A41:E72,5,0),0) -> 0 | E41: =IFERROR(VLOOKUP(A41,'Processing Count'!A41:C72,3,0),0) -> 0 | F41: =IFERROR(VLOOKUP(A41,'Processing Count'!A41:D72,4,0),0) -> 0 | G41: =IFERROR(VLOOKUP(A41,'Processing Count'!A41:F72,6,0),0) -> 0
A42: ='Processing Count'!A44 -> Franciscan Processing | B42: =SUM(C42:M42) -> 0 | C42: =IFERROR(VLOOKUP(A42,'Processing Count'!A42:E73,5,0),0) -> 0 | E42: =IFERROR(VLOOKUP(A42,'Processing Count'!A42:C73,3,0),0) -> 0 | F42: =IFERROR(VLOOKUP(A42,'Processing Count'!A42:D73,4,0),0) -> 0 | G42: =IFERROR(VLOOKUP(A42,'Processing Count'!A42:F73,6,0),0) -> 0
A43: ='Processing Count'!A45 -> Cox Healthcare Processing | B43: =SUM(C43:M43) -> 0 | C43: =IFERROR(VLOOKUP(A43,'Processing Count'!A43:E74,5,0),0) -> 0 | E43: =IFERROR(VLOOKUP(A43,'Processing Count'!A43:C74,3,0),0) -> 0 | F43: =IFERROR(VLOOKUP(A43,'Processing Count'!A43:D74,4,0),0) -> 0 | G43: =IFERROR(VLOOKUP(A43,'Processing Count'!A43:F74,6,0),0) -> 0
A44: ='Processing Count'!A46 -> TriHealth Processing | B44: =SUM(C44:M44) -> 510 | C44: =IFERROR(VLOOKUP(A44,'Processing Count'!A44:E75,5,0),0) -> 510 | E44: =IFERROR(VLOOKUP(A44,'Processing Count'!A44:C75,3,0),0) -> 0 | F44: =IFERROR(VLOOKUP(A44,'Processing Count'!A44:D75,4,0),0) -> 0 | G44: =IFERROR(VLOOKUP(A44,'Processing Count'!A44:F75,6,0),0) -> 0
A45: ='Processing Count'!A47 -> MRO Correspondence Project | B45: =SUM(C45:M45) -> 0 | C45: =IFERROR(VLOOKUP(A45,'Processing Count'!A45:E76,5,0),0) -> 0 | E45: =IFERROR(VLOOKUP(A45,'Processing Count'!A45:C76,3,0),0) -> 0 | F45: =IFERROR(VLOOKUP(A45,'Processing Count'!A45:D76,4,0),0) -> 0 | G45: =IFERROR(VLOOKUP(A45,'Processing Count'!A45:F76,6,0),0) -> 0
A46: ='Processing Count'!A48 -> MCHS Processing | B46: =SUM(C46:M46) -> 0 | C46: =IFERROR(VLOOKUP(A46,'Processing Count'!A46:E77,5,0),0) -> 0 | E46: =IFERROR(VLOOKUP(A46,'Processing Count'!A46:C77,3,0),0) -> 0 | F46: =IFERROR(VLOOKUP(A46,'Processing Count'!A46:D77,4,0),0) -> 0 | G46: =IFERROR(VLOOKUP(A46,'Processing Count'!A46:F77,6,0),0) -> 0
A47: ='Processing Count'!A49 -> OU Health Processing | B47: =SUM(C47:M47) -> 0 | C47: =IFERROR(VLOOKUP(A47,'Processing Count'!A47:E78,5,0),0) -> 0 | E47: =IFERROR(VLOOKUP(A47,'Processing Count'!A47:C78,3,0),0) -> 0 | F47: =IFERROR(VLOOKUP(A47,'Processing Count'!A47:D78,4,0),0) -> 0 | G47: =IFERROR(VLOOKUP(A47,'Processing Count'!A47:F78,6,0),0) -> 0
... A49: ='Processing Count'!A51 -> Stamford Health Processing | B49: =SUM(C49:M49) -> 0 | C49: =IFERROR(VLOOKUP(A49,'Processing Count'!A49:E80,5,0),0) -> 0 | E49: =IFERROR(VLOOKUP(A49,'Processing Count'!A49:C80,3,0),0) -> 0 | F49: =IFERROR(VLOOKUP(A49,'Processing Count'!A49:D80,4,0),0) -> 0 | G49: =IFERROR(VLOOKUP(A49,'Processing Count'!A49:F80,6,0),0) -> 0
A50: ='Processing Count'!A52 -> Rothman Processing | B50: =SUM(C50:M50) -> 224 | C50: =IFERROR(VLOOKUP(A50,'Processing Count'!A50:E81,5,0),0) -> 0 | E50: ='Processing Count'!G52 -> 224 | F50: =IFERROR(VLOOKUP(A50,'Processing Count'!A50:D81,4,0),0) -> 0 | G50: =IFERROR(VLOOKUP(A50,'Processing Count'!A50:F81,6,0),0) -> 0
A51: ='Processing Count'!A53 -> Christus Health-Processing | B51: =SUM(C51:M51) -> 0 | C51: 0 | E51: =IFERROR(VLOOKUP(A51,'Processing Count'!A51:C82,3,0),0) -> 0 | F51: =IFERROR(VLOOKUP(A51,'Processing Count'!A51:D82,4,0),0) -> 0 | G51: =IFERROR(VLOOKUP(A51,'Processing Count'!A51:F82,6,0),0) -> 0
A52: Total Cases | B52: =SUM(C52:M52) -> 11445 | C52: =SUM(C27:C51) -> 1783 | D52: =SUM(D27:D51) -> 0 | E52: =SUM(E27:E51) -> 224 | F52: =SUM(F27:F51) -> 0 | G52: =SUM(G27:G51) -> 9438 | H52: =SUM(H27:H51) -> 0 | I52: =SUM(I27:I51) -> 0 | J52: =SUM(J27:J51) -> 0 | ... M52: =SUM(M27:M51) -> 0
A53: MRO Payout/Cases | B53: 0.5 | C53: 0.5 | D53: =C53+0 -> 0.5 | E53: =D53+0 -> 0.5 | F53: =E53+0 -> 0.5 | G53: =F53+0 -> 0.5 | H53: =G53+0 -> 0.5 | I53: =H53+0 -> 0.5 | J53: =I53+0 -> 0.5 | K53: =J53+0 -> 0.5 | L53: =K53+0 -> 0.5 | M53: =K53+0 -> 0.5
A54: MRO Total Payout | B54: =SUM(C54:M54) -> 5722.5 | C54: =C52*C53 -> 891.5 | D54: =D52*D53 -> 0 | E54: =E52*E53 -> 112 | F54: =F52*F53 -> 0 | G54: =G52*G53 -> 4719 | H54: =H52*H53 -> 0 | I54: =I52*I53 -> 0 | J54: =J52*J53 -> 0 | ... M54: =M52*M53 -> 0
A55: Verisma + MRO+Datavant Total Payout | B55: =SUM(C55:M55) -> 18406.25 | C55: =SUM(C26,C54) -> 4391.5 | D55: =SUM(D26,D54) -> 0 | E55: =SUM(E26,E54) -> 3836 | F55: =SUM(F26,F54) -> 3846 | G55: =SUM(G26,G54) -> 4781 | H55: =SUM(H26,H54) -> 0 | I55: =SUM(I26,I54) -> 0 | J55: =SUM(J26,J54) -> 0 | ... M55: =SUM(M26,M54) -> 269.75
A56: MRO QC Cases | B56: =SUM(C56:M56) -> 6838 | I56: 338 | M56: 6500
A57: QC pay/Case | B57: 0.5 | C57: 0.5 | D57: =C57+0 -> 0.5 | E57: =D57+0 -> 0.5 | F57: =E57+0 -> 0.5 | G57: =F57+0 -> 0.5 | H57: =G57+0 -> 0.5 | I57: =H57+0 -> 0.5 | J57: =I57+0 -> 0.5 | K57: =J57+0 -> 0.5 | L57: =K57+0 -> 0.5 | M57: =K57+0 -> 0.5
A58: Total Payout | B58: =SUM(C58:M58) -> 3419 | C58: =C56*C57 -> 0 | D58: =D56*D57 -> 0 | E58: =E56*E57 -> 0 | F58: =F56*F57 -> 0 | G58: =G56*G57 -> 0 | H58: =H56*H57 -> 0 | I58: =I56*I57 -> 169 | J58: =J56*J57 -> 0 | ... M58: =M56*M57 -> 3250
A59: Verisma QC Cases | B59: =SUM(C59:M59) -> 690 | D59: 569 | I59: 121
A60: QC pay/Case | B60: 0.5 | C60: 0.5 | D60: =C60+0 -> 0.5 | E60: =D60+0 -> 0.5 | F60: =E60+0 -> 0.5 | G60: =F60+0 -> 0.5 | H60: =G60+0 -> 0.5 | I60: =H60+0 -> 0.5 | J60: =I60+0 -> 0.5 | K60: =J60+0 -> 0.5 | L60: =K60+0 -> 0.5 | M60: =K60+0 -> 0.5
A61: Total Payout | B61: =SUM(C61:M61) -> 345 | C61: =C58*C60 -> 0 | D61: =D59*D60 -> 284.5 | E61: =E59*E60 -> 0 | F61: =F59*F60 -> 0 | G61: =G59*G60 -> 0 | H61: =H59*H60 -> 0 | I61: =I59*I60 -> 60.5 | J61: =J59*J60 -> 0 | K61: =K59*K60 -> 0 | ... M61: =M59*M60 -> 0

Sheet Processing Count
A1: Location | B1: Cost | C1: Sudesh | D1: Moolchand | E1: Aanya | F1: Vyom | G1: Total | H1: Aanya | I1: Ahila Sundaresan | J1: Alekhya Pokuri | K1: Ambar Romero | L1: Amel Yousfi | M1: Amrita Singh | N1: Andrea Lorenzano | O1: Angayarkanni Kannan | P1: Angel Edwards | Q1: Anitaben Patel | R1: Anjali Devunuri | S1: Anjana Vijayan | T1: Ankana Biswas Dutta | U1: Anshu Dubey | V1: Anusha Cheerla | W1: Anusha Kulageri | X1: Anusha Prasannakumar | Y1: Arcelia Finkelberg | Z1: Atchaya Rangasamy Venugopal | AA1: Azumi Van Scyoc | AB1: Babitha Koraganti | AC1: Balasubramani Kandasamy | AD1: Cecilia Hendricks | AE1: Chandana Bathina | AF1: Chandini Yellamilli | AG1: Chinmaya Jyothi Pulikallu | AH1: Damion Newell | AI1: Deepika Chintaluri | AJ1: Devi Prakash | AK1: Devicharitha Malapati | AL1: Dhanalakshmi Nelluri | AM1: Dhivya Shankar | AN1: Dhivyalakshmi Vigneshwaran | AO1: Diksha Vijaykumar More | AP1: Divya Babu | AQ1: Divya Manjeshwar kamath | AR1: Divya Shree | AS1: Erianna Lockhart | AT1: Faith Ujjwala Singh | AU1: Fallyan Redd | AV1: Farheen Hasham | AW1: Farzana Shaik | AX1: Fnu Supriya | AY1: Foua Yang | AZ1: Franklin C Onyedili | BA1: Gayatri Paramsivam | BB1: Geetalakshmi Govinthara Annadhurai | BC1: Gia Erica Coleman | BD1: Hadjer Ikram Yousfi | BE1: Haley VanNamee | BF1: Harathi Nuvuru | BG1: Hetal Shah | BH1: I-Asia Newkirk | BI1: Infanta Clara Victor Anthony | BJ1: Jaya Singh | BK1: Jayashree Swain | BL1: Jhou Yang | BM1: Jyothi Venkatasubramanya | BN1: Kabila Sivasankar | BO1: Kavya Krishnappa | BP1: Kawanna Brown | BQ1: Komala Renuka Prasad | BR1: Krishnaveni | BS1: Krithika Balasubramaniam | BT1: Lakshmi Neelima Duddula | BU1: LaSere Reid Smith | BV1: LATHA BUSIREDDY | BW1: Latrice Adams | BX1: Lavanya Vigrahala | BY1: Laxmi Sirisha Penumecha | BZ1: Lipsa Padhy | CA1: Lokeswari Gummadi | CB1: Madhana Sundari Vijayarajan | CC1: Madhavi Balineni | CD1: Madhura Alva | CE1: Madhuri Padala | CF1: Maira Becham | CG1: Manda Talwekar | CH1: Manjunath JagadishPai | CI1: Mariko Huskey | CJ1: Marilyn Brown | CK1: Marina Ibrahim | CL1: Mathangi Radhakrishnan | CM1: Michelle Cox | CN1: Minakshi Deepak | CO1: Mojisha Mohandas | CP1: Monalisa Roy | CQ1: Mool Chand | CR1: Naagarashikaa Vijayakumar | CS1: Naganandhini Ganapathimaran | CT1: Namita Mishra | CU1: Namrata Sharma | CV1: Namratha Koratala | CW1: Narmadhadevi Dharmapalan | CX1: Neena Mathew Saravanakumar | CY1: Neha Aaggarwal | CZ1: Nilopher Lopes | DA1: Nitha Chathoth Kunhikrishnan | DB1: Padmapriya krishnamoorthy | DC1: Palak Porwal | DD1: Pavithra Balaji | DE1: Pavithra Manas Panda | DF1: Pavitra Rani Allam | DG1: Pooja Solanki | DH1: Poongothai Duraisamy | DI1: Pragyan Paramita Mohanty | DJ1: Pranusha Dontineni | DK1: Prasana Kotagiri | DL1: Prathima Krishnamurthy Yadav | DM1: Prathima Lakkireddy | DN1: PRAVALLIKA NUTHALAPATI | DO1: Priti Suman | DP1: Priyadarsini Baral | DQ1: Priyanka Chandrikapure | DR1: Priyanka Dey Sarkar | DS1: Priyanka Gadar | DT1: Pushpaja Vullamgunta | DU1: Rajameenakshi Sankarasubramanian | DV1: Rajeshwari Thammineni | DW1: Ramsheena Nadathalakkel | DX1: Ramya Muralidharan | DY1: Ramya Sudarshan Palavalli | DZ1: Randi Wood | EA1: Rashmi Gupta | EB1: Rashmi Kottachery | EC1: Rashmi Rangdale | ED1: Rathika Jude | EE1: Ratnasree Gudla | EF1: Reejaramani Subramani | EG1: Reema Rasheed | EH1: Reshmi Pulickal Radhakrishnan | EI1: Rima Loganathan | EJ1: Rishi Goswami | EK1: Roja Punna | EL1: Rupali Bangar | EM1: Rutuja Rajput | EN1: Sabiha Khan | EO1: Sai Santhya Ravikumar | EP1: Sangeetha Jeyabalan | EQ1: Sanjana Mandal | ER1: Sara Abdelsayed | ES1: Saranya Sabarish | ET1: Sasikala Murugesan | EU1: Sathya Ezhilan | EV1: Sathya Naveenraj | EW1: Selvakamatchi Rajamani | EX1: Shagida Nishwan | EY1: Sharanya Madhavan | EZ1: Sharmila Lakshmipathy | FA1: Sharmila Raghavan | FB1: Siddhardha Yalavarthy | FC1: Sindhu Selvaraj | FD1: Sindhu Thanigesan | FE1: Sireesha Gottimukkala | FF1: Snehal Choudhari | FG1: Snighdha Dave | FH1: Somdutta Paul | FI1: Sonali Gupta | FJ1: Sonia Mohanty | FK1: Soumya kalyanaraman | FL1: Sowjanya Ravella | FM1: Sree Nalini Uduta | FN1: Sreedevi Salapu | FO1: Srikanya R | FP1: Srilekha Kotte | FQ1: Sripriyadarshini | FR1: Srividhyalakshmi Murugadass | FS1: Sruthi Arambachalil | FT1: Subasri Swaminathan | FU1: Subhanandhini Kumarasamy | FV1: Subhina Bhaskar | FW1: subratha suresh kamat | FX1: Suchitra Rajesh | FY1: Sudesh Goel | FZ1: Sunitha nara | GA1: Swathi Kodali | GB1: SWATHI LAKSHMI GUNDURU | GC1: Swati bartake | GD1: Swati Ghogare | GE1: Sweety Ranka | GF1: Tapasi Rath | GG1: Tarshik Spurling | GH1: Tej Patel | GI1: Umamaheswari Shanmugam | GJ1: Usha Devi Singaravelu | GK1: Vaishnavi Devi Bunja Dhinakaran | GL1: Valarmathi Magudeswaran | GM1: Valliammai Ramanathan | GN1: Vani Hanumantu | GO1: Varsha Javali | GP1: Vasuda Rawal | GQ1: Vasudha Kodi | GR1: Venkata Vemuri | GS1: Vidya Thirunavukkarasu | GT1: Vijayalakshmi Bhaskaran | GU1: Vyom Bhandari | GV1: Yazhini Ravichandran
A2: Ahwataukee | B2: 2 | C2: =G2 -> 0 | D2: 0 | E2: 0 | F2: 0 | G2: =SUM(H2:GZ2) -> 0 | H2: 0 | I2: 0 | J2: 0 | K2: 0 | L2: 0 | M2: 0 | N2: 0 | O2: 0 | P2: 0 | Q2: 0 | R2: 0 | S2: 0 | T2: 0 | U2: 0 | V2: 0 | W2: 0 | X2: 0 | Y2: 0 | Z2: 0 | AA2: 0 | AB2: 0 | AC2: 0 | AD2: 0 | AE2: 0 | AF2: 0 | AG2: 0 | AH2: 0 | AI2: 0 | AJ2: 0 | AK2: 0 | AL2: 0 | AM2: 0 | AN2: 0 | AO2: 0 | AP2: 0 | AQ2: 0 | AR2: 0 | AS2: 0 | AT2: 0 | AU2: 0 | AV2: 0 | AW2: 0 | AX2: 0 | AY2: 0 | AZ2: 0 | BA2: 0 | BB2: 0 | BC2: 0 | BD2: 0 | BE2: 0 | BF2: 0 | BG2: 0 | BH2: 0 | BI2: 0 | BJ2: 0 | BK2: 0 | BL2: 0 | BM2: 0 | BN2: 0 | BO2: 0 | BP2: 0 | BQ2: 0 | BR2: 0 | BS2: 0 | BT2: 0 | BU2: 0 | BV2: 0 | BW2: 0 | BX2: 0 | BY2: 0 | BZ2: 0 | CA2: 0 | CB2: 0 | CC2: 0 | CD2: 0 | CE2: 0 | CF2: 0 | CG2: 0 | CH2: 0 | CI2: 0 | CJ2: 0 | CK2: 0 | CL2: 0 | CM2: 0 | CN2: 0 | CO2: 0 | CP2: 0 | CQ2: 0 | CR2: 0 | CS2: 0 | CT2: 0 | CU2: 0 | CV2: 0 | CW2: 0 | CX2: 0 | CY2: 0 | CZ2: 0 | DA2: 0 | DB2: 0 | DC2: 0 | DD2: 0 | DE2: 0 | DF2: 0 | DG2: 0 | DH2: 0 | DI2: 0 | DJ2: 0 | DK2: 0 | DL2: 0 | DM2: 0 | DN2: 0 | DO2: 0 | DP2: 0 | DQ2: 0 | DR2: 0 | DS2: 0 | DT2: 0 | DU2: 0 | DV2: 0 | DW2: 0 | DX2: 0 | DY2: 0 | DZ2: 0 | EA2: 0 | EB2: 0 | EC2: 0 | ED2: 0 | EE2: 0 | EF2: 0 | EG2: 0 | EH2: 0 | EI2: 0 | EJ2: 0 | EK2: 0 | EL2: 0 | EM2: 0 | EN2: 0 | EO2: 0 | EP2: 0 | EQ2: 0 | ER2: 0 | ES2: 0 | ET2: 0 | EU2: 0 | EV2: 0 | EW2: 0 | EX2: 0 | EY2: 0 | EZ2: 0 | FA2: 0 | FB2: 0 | FC2: 0 | FD2: 0 | FE2: 0 | FF2: 0 | FG2: 0 | FH2: 0 | FI2: 0 | FJ2: 0 | FK2: 0 | FL2: 0 | FM2: 0 | FN2: 0 | FO2: 0 | FP2: 0 | FQ2: 0 | FR2: 0 | FS2: 0 | FT2: 0 | FU2: 0 | FV2: 0 | FW2: 0 | FX2: 0 | FY2: 0 | FZ2: 0 | GA2: 0 | GB2: 0 | GC2: 0 | GD2: 0 | GE2: 0 | GF2: 0 | GG2: 0 | GH2: 0 | GI2: 0 | GJ2: 0 | GK2: 0 | GL2: 0 | GM2: 0 | GN2: 0 | GO2: 0 | GP2: 0 | GQ2: 0 | GR2: 0 | GS2: 0 | GT2: 0 | GU2: 0 | GV2: 0
A3: Aprima_Processing | B3: 2 | C3: =G3 -> 53 | D3: 0 | E3: 0 | F3: 0 | G3: =SUM(H3:GZ3) -> 53 | H3: 0 | I3: 0 | J3: 0 | K3: 0 | L3: 0 | M3: 0 | N3: 0 | O3: 0 | P3: 0 | Q3: 0 | R3: 0 | S3: 0 | T3: 0 | U3: 0 | V3: 0 | W3: 0 | X3: 0 | Y3: 0 | Z3: 0 | AA3: 0 | AB3: 0 | AC3: 0 | AD3: 0 | AE3: 0 | AF3: 0 | AG3: 0 | AH3: 0 | AI3: 0 | AJ3: 0 | AK3: 0 | AL3: 0 | AM3: 0 | AN3: 0 | AO3: 0 | AP3: 0 | AQ3: 0 | AR3: 0 | AS3: 0 | AT3: 0 | AU3: 0 | AV3: 0 | AW3: 0 | AX3: 0 | AY3: 0 | AZ3: 0 | BA3: 0 | BB3: 0 | BC3: 0 | BD3: 0 | BE3: 0 | BF3: 0 | BG3: 0 | BH3: 0 | BI3: 0 | BJ3: 0 | BK3: 0 | BL3: 0 | BM3: 0 | BN3: 0 | BO3: 0 | BP3: 0 | BQ3: 0 | BR3: 0 | BS3: 0 | BT3: 0 | BU3: 0 | BV3: 0 | BW3: 0 | BX3: 0 | BY3: 0 | BZ3: 0 | CA3: 0 | CB3: 0 | CC3: 0 | CD3: 0 | CE3: 0 | CF3: 0 | CG3: 0 | CH3: 0 | CI3: 0 | CJ3: 0 | CK3: 0 | CL3: 0 | CM3: 0 | CN3: 0 | CO3: 0 | CP3: 0 | CQ3: 0 | CR3: 0 | CS3: 0 | CT3: 0 | CU3: 0 | CV3: 0 | CW3: 0 | CX3: 0 | CY3: 0 | CZ3: 0 | DA3: 0 | DB3: 0 | DC3: 0 | DD3: 0 | DE3: 0 | DF3: 0 | DG3: 0 | DH3: 0 | DI3: 0 | DJ3: 0 | DK3: 0 | DL3: 0 | DM3: 0 | DN3: 0 | DO3: 0 | DP3: 0 | DQ3: 0 | DR3: 0 | DS3: 0 | DT3: 0 | DU3: 0 | DV3: 0 | DW3: 0 | DX3: 0 | DY3: 0 | DZ3: 0 | EA3: 0 | EB3: 0 | EC3: 0 | ED3: 0 | EE3: 0 | EF3: 0 | EG3: 0 | EH3: 0 | EI3: 0 | EJ3: 0 | EK3: 0 | EL3: 0 | EM3: 0 | EN3: 0 | EO3: 0 | EP3: 0 | EQ3: 0 | ER3: 0 | ES3: 0 | ET3: 0 | EU3: 0 | EV3: 0 | EW3: 0 | EX3: 0 | EY3: 0 | EZ3: 0 | FA3: 0 | FB3: 0 | FC3: 0 | FD3: 0 | FE3: 0 | FF3: 0 | FG3: 0 | FH3: 0 | FI3: 0 | FJ3: 0 | FK3: 0 | FL3: 0 | FM3: 0 | FN3: 0 | FO3: 0 | FP3: 0 | FQ3: 0 | FR3: 0 | FS3: 0 | FT3: 0 | FU3: 0 | FV3: 0 | FW3: 0 | FX3: 0 | FY3: 0 | FZ3: 0 | GA3: 0 | GB3: 0 | GC3: 53 | GD3: 0 | GE3: 0 | GF3: 0 | GG3: 0 | GH3: 0 | GI3: 0 | GJ3: 0 | GK3: 0 | GL3: 0 | GM3: 0 | GN3: 0 | GO3: 0 | GP3: 0 | GQ3: 0 | GR3: 0 | GS3: 0 | GT3: 0 | GU3: 0 | GV3: 0
A4: Bronx-Care Processing | B4: 8 | C4: 0 | D4: =G4 -> 997 | E4: 0 | F4: 0 | G4: =SUM(H4:GZ4) -> 997 | H4: 0 | I4: 0 | J4: 0 | K4: 0 | L4: 0 | M4: 0 | N4: 0 | O4: 0 | P4: 0 | Q4: 0 | R4: 0 | S4: 0 | T4: 0 | U4: 0 | V4: 0 | W4: 0 | X4: 0 | Y4: 0 | Z4: 0 | AA4: 0 | AB4: 0 | AC4: 0 | AD4: 0 | AE4: 0 | AF4: 0 | AG4: 0 | AH4: 0 | AI4: 0 | AJ4: 0 | AK4: 0 | AL4: 0 | AM4: 0 | AN4: 0 | AO4: 0 | AP4: 0 | AQ4: 0 | AR4: 0 | AS4: 0 | AT4: 0 | AU4: 0 | AV4: 0 | AW4: 0 | AX4: 0 | AY4: 0 | AZ4: 0 | BA4: 0 | BB4: 0 | BC4: 0 | BD4: 0 | BE4: 0 | BF4: 0 | BG4: 0 | BH4: 0 | BI4: 0 | BJ4: 0 | BK4: 0 | BL4: 0 | BM4: 0 | BN4: 0 | BO4: 0 | BP4: 0 | BQ4: 0 | BR4: 0 | BS4: 0 | BT4: 0 | BU4: 0 | BV4: 0 | BW4: 0 | BX4: 0 | BY4: 0 | BZ4: 0 | CA4: 0 | CB4: 0 | CC4: 0 | CD4: 0 | CE4: 0 | CF4: 0 | CG4: 0 | CH4: 0 | CI4: 0 | CJ4: 0 | CK4: 0 | CL4: 0 | CM4: 0 | CN4: 0 | CO4: 0 | CP4: 0 | CQ4: 0 | CR4: 0 | CS4: 0 | CT4: 0 | CU4: 0 | CV4: 434 | CW4: 0 | CX4: 0 | CY4: 0 | CZ4: 0 | DA4: 0 | DB4: 0 | DC4: 0 | DD4: 0 | DE4: 0 | DF4: 0 | DG4: 0 | DH4: 0 | DI4: 0 | DJ4: 0 | DK4: 0 | DL4: 0 | DM4: 0 | DN4: 0 | DO4: 0 | DP4: 0 | DQ4: 0 | DR4: 0 | DS4: 0 | DT4: 0 | DU4: 0 | DV4: 0 | DW4: 0 | DX4: 0 | DY4: 0 | DZ4: 0 | EA4: 0 | EB4: 0 | EC4: 0 | ED4: 0 | EE4: 0 | EF4: 0 | EG4: 0 | EH4: 0 | EI4: 0 | EJ4: 0 | EK4: 0 | EL4: 0 | EM4: 0 | EN4: 0 | EO4: 0 | EP4: 0 | EQ4: 0 | ER4: 0 | ES4: 0 | ET4: 0 | EU4: 0 | EV4: 0 | EW4: 0 | EX4: 0 | EY4: 0 | EZ4: 0 | FA4: 0 | FB4: 0 | FC4: 0 | FD4: 0 | FE4: 0 | FF4: 0 | FG4: 0 | FH4: 0 | FI4: 0 | FJ4: 0 | FK4: 0 | FL4: 0 | FM4: 0 | FN4: 0 | FO4: 0 | FP4: 0 | FQ4: 0 | FR4: 0 | FS4: 0 | FT4: 0 | FU4: 0 | FV4: 0 | FW4: 0 | FX4: 0 | FY4: 0 | FZ4: 0 | GA4: 0 | GB4: 0 | GC4: 563 | GD4: 0 | GE4: 0 | GF4: 0 | GG4: 0 | GH4: 0 | GI4: 0 | GJ4: 0 | GK4: 0 | GL4: 0 | GM4: 0 | GN4: 0 | GO4: 0 | GP4: 0 | GQ4: 0 | GR4: 0 | GS4: 0 | GT4: 0 | GU4: 0 | GV4: 0
A5: Evara Health_Logging | B5: 0.5 | C5: 0 | D5: 0 | E5: 0 | F5: =G5 -> 0 | G5: =SUM(H5:GZ5) -> 0 | H5: 0 | I5: 0 | J5: 0 | K5: 0 | L5: 0 | M5: 0 | N5: 0 | O5: 0 | P5: 0 | Q5: 0 | R5: 0 | S5: 0 | T5: 0 | U5: 0 | V5: 0 | W5: 0 | X5: 0 | Y5: 0 | Z5: 0 | AA5: 0 | AB5: 0 | AC5: 0 | AD5: 0 | AE5: 0 | AF5: 0 | AG5: 0 | AH5: 0 | AI5: 0 | AJ5: 0 | AK5: 0 | AL5: 0 | AM5: 0 | AN5: 0 | AO5: 0 | AP5: 0 | AQ5: 0 | AR5: 0 | AS5: 0 | AT5: 0 | AU5: 0 | AV5: 0 | AW5: 0 | AX5: 0 | AY5: 0 | AZ5: 0 | BA5: 0 | BB5: 0 | BC5: 0 | BD5: 0 | BE5: 0 | BF5: 0 | BG5: 0 | BH5: 0 | BI5: 0 | BJ5: 0 | BK5: 0 | BL5: 0 | BM5: 0 | BN5: 0 | BO5: 0 | BP5: 0 | BQ5: 0 | BR5: 0 | BS5: 0 | BT5: 0 | BU5: 0 | BV5: 0 | BW5: 0 | BX5: 0 | BY5: 0 | BZ5: 0 | CA5: 0 | CB5: 0 | CC5: 0 | CD5: 0 | CE5: 0 | CF5: 0 | CG5: 0 | CH5: 0 | CI5: 0 | CJ5: 0 | CK5: 0 | CL5: 0 | CM5: 0 | CN5: 0 | CO5: 0 | CP5: 0 | CQ5: 0 | CR5: 0 | CS5: 0 | CT5: 0 | CU5: 0 | CV5: 0 | CW5: 0 | CX5: 0 | CY5: 0 | CZ5: 0 | DA5: 0 | DB5: 0 | DC5: 0 | DD5: 0 | DE5: 0 | DF5: 0 | DG5: 0 | DH5: 0 | DI5: 0 | DJ5: 0 | DK5: 0 | DL5: 0 | DM5: 0 | DN5: 0 | DO5: 0 | DP5: 0 | DQ5: 0 | DR5: 0 | DS5: 0 | DT5: 0 | DU5: 0 | DV5: 0 | DW5: 0 | DX5: 0 | DY5: 0 | DZ5: 0 | EA5: 0 | EB5: 0 | EC5: 0 | ED5: 0 | EE5: 0 | EF5: 0 | EG5: 0 | EH5: 0 | EI5: 0 | EJ5: 0 | EK5: 0 | EL5: 0 | EM5: 0 | EN5: 0 | EO5: 0 | EP5: 0 | EQ5: 0 | ER5: 0 | ES5: 0 | ET5: 0 | EU5: 0 | EV5: 0 | EW5: 0 | EX5: 0 | EY5: 0 | EZ5: 0 | FA5: 0 | FB5: 0 | FC5: 0 | FD5: 0 | FE5: 0 | FF5: 0 | FG5: 0 | FH5: 0 | FI5: 0 | FJ5: 0 | FK5: 0 | FL5: 0 | FM5: 0 | FN5: 0 | FO5: 0 | FP5: 0 | FQ5: 0 | FR5: 0 | FS5: 0 | FT5: 0 | FU5: 0 | FV5: 0 | FW5: 0 | FX5: 0 | FY5: 0 | FZ5: 0 | GA5: 0 | GB5: 0 | GC5: 0 | GD5: 0 | GE5: 0 | GF5: 0 | GG5: 0 | GH5: 0 | GI5: 0 | GJ5: 0 | GK5: 0 | GL5: 0 | GM5: 0 | GN5: 0 | GO5: 0 | GP5: 0 | GQ5: 0 | GR5: 0 | GS5: 0 | GT5: 0 | GU5: 0 | GV5: 0
A6: Evara-Health Processing | B6: 2 | C6: 0 | D6: =G6 -> 0 | E6: 0 | F6: 0 | G6: =SUM(H6:GZ6) -> 0 | H6: 0 | I6: 0 | J6: 0 | K6: 0 | L6: 0 | M6: 0 | N6: 0 | O6: 0 | P6: 0 | Q6: 0 | R6: 0 | S6: 0 | T6: 0 | U6: 0 | V6: 0 | W6: 0 | X6: 0 | Y6: 0 | Z6: 0 | AA6: 0 | AB6: 0 | AC6: 0 | AD6: 0 | AE6: 0 | AF6: 0 | AG6: 0 | AH6: 0 | AI6: 0 | AJ6: 0 | AK6: 0 | AL6: 0 | AM6: 0 | AN6: 0 | AO6: 0 | AP6: 0 | AQ6: 0 | AR6: 0 | AS6: 0 | AT6: 0 | AU6: 0 | AV6: 0 | AW6: 0 | AX6: 0 | AY6: 0 | AZ6: 0 | BA6: 0 | BB6: 0 | BC6: 0 | BD6: 0 | BE6: 0 | BF6: 0 | BG6: 0 | BH6: 0 | BI6: 0 | BJ6: 0 | BK6: 0 | BL6: 0 | BM6: 0 | BN6: 0 | BO6: 0 | BP6: 0 | BQ6: 0 | BR6: 0 | BS6: 0 | BT6: 0 | BU6: 0 | BV6: 0 | BW6: 0 | BX6: 0 | BY6: 0 | BZ6: 0 | CA6: 0 | CB6: 0 | CC6: 0 | CD6: 0 | CE6: 0 | CF6: 0 | CG6: 0 | CH6: 0 | CI6: 0 | CJ6: 0 | CK6: 0 | CL6: 0 | CM6: 0 | CN6: 0 | CO6: 0 | CP6: 0 | CQ6: 0 | CR6: 0 | CS6: 0 | CT6: 0 | CU6: 0 | CV6: 0 | CW6: 0 | CX6: 0 | CY6: 0 | CZ6: 0 | DA6: 0 | DB6: 0 | DC6: 0 | DD6: 0 | DE6: 0 | DF6: 0 | DG6: 0 | DH6: 0 | DI6: 0 | DJ6: 0 | DK6: 0 | DL6: 0 | DM6: 0 | DN6: 0 | DO6: 0 | DP6: 0 | DQ6: 0 | DR6: 0 | DS6: 0 | DT6: 0 | DU6: 0 | DV6: 0 | DW6: 0 | DX6: 0 | DY6: 0 | DZ6: 0 | EA6: 0 | EB6: 0 | EC6: 0 | ED6: 0 | EE6: 0 | EF6: 0 | EG6: 0 | EH6: 0 | EI6: 0 | EJ6: 0 | EK6: 0 | EL6: 0 | EM6: 0 | EN6: 0 | EO6: 0 | EP6: 0 | EQ6: 0 | ER6: 0 | ES6: 0 | ET6: 0 | EU6: 0 | EV6: 0 | EW6: 0 | EX6: 0 | EY6: 0 | EZ6: 0 | FA6: 0 | FB6: 0 | FC6: 0 | FD6: 0 | FE6: 0 | FF6: 0 | FG6: 0 | FH6: 0 | FI6: 0 | FJ6: 0 | FK6: 0 | FL6: 0 | FM6: 0 | FN6: 0 | FO6: 0 | FP6: 0 | FQ6: 0 | FR6: 0 | FS6: 0 | FT6: 0 | FU6: 0 | FV6: 0 | FW6: 0 | FX6: 0 | FY6: 0 | FZ6: 0 | GA6: 0 | GB6: 0 | GC6: 0 | GD6: 0 | GE6: 0 | GF6: 0 | GG6: 0 | GH6: 0 | GI6: 0 | GJ6: 0 | GK6: 0 | GL6: 0 | GM6: 0 | GN6: 0 | GO6: 0 | GP6: 0 | GQ6: 0 | GR6: 0 | GS6: 0 | GT6: 0 | GU6: 0 | GV6: 0
A7: Meritas | B7: 2 | C7: =G7 -> 9 | D7: 0 | E7: 0 | F7: 0 | G7: =SUM(H7:GZ7) -> 9 | H7: 0 | I7: 0 | J7: 0 | K7: 0 | L7: 0 | M7: 0 | N7: 0 | O7: 0 | P7: 0 | Q7: 0 | R7: 0 | S7: 0 | T7: 0 | U7: 0 | V7: 0 | W7: 0 | X7: 0 | Y7: 0 | Z7: 0 | AA7: 0 | AB7: 0 | AC7: 0 | AD7: 0 | AE7: 0 | AF7: 0 | AG7: 0 | AH7: 0 | AI7: 0 | AJ7: 0 | AK7: 0 | AL7: 0 | AM7: 0 | AN7: 0 | AO7: 0 | AP7: 0 | AQ7: 0 | AR7: 0 | AS7: 0 | AT7: 0 | AU7: 0 | AV7: 0 | AW7: 0 | AX7: 0 | AY7: 0 | AZ7: 0 | BA7: 0 | BB7: 0 | BC7: 0 | BD7: 0 | BE7: 0 | BF7: 0 | BG7: 0 | BH7: 0 | BI7: 0 | BJ7: 0 | BK7: 0 | BL7: 0 | BM7: 0 | BN7: 0 | BO7: 0 | BP7: 0 | BQ7: 0 | BR7: 0 | BS7: 0 | BT7: 0 | BU7: 0 | BV7: 0 | BW7: 0 | BX7: 0 | BY7: 0 | BZ7: 0 | CA7: 0 | CB7: 0 | CC7: 0 | CD7: 0 | CE7: 0 | CF7: 0 | CG7: 0 | CH7: 0 | CI7: 0 | CJ7: 0 | CK7: 0 | CL7: 0 | CM7: 0 | CN7: 0 | CO7: 0 | CP7: 0 | CQ7: 0 | CR7: 0 | CS7: 0 | CT7: 0 | CU7: 0 | CV7: 0 | CW7: 0 | CX7: 0 | CY7: 0 | CZ7: 0 | DA7: 0 | DB7: 0 | DC7: 0 | DD7: 0 | DE7: 0 | DF7: 0 | DG7: 0 | DH7: 0 | DI7: 0 | DJ7: 0 | DK7: 0 | DL7: 0 | DM7: 0 | DN7: 0 | DO7: 0 | DP7: 0 | DQ7: 0 | DR7: 0 | DS7: 0 | DT7: 0 | DU7: 0 | DV7: 0 | DW7: 0 | DX7: 0 | DY7: 0 | DZ7: 0 | EA7: 0 | EB7: 0 | EC7: 0 | ED7: 0 | EE7: 0 | EF7: 0 | EG7: 0 | EH7: 0 | EI7: 0 | EJ7: 0 | EK7: 0 | EL7: 0 | EM7: 0 | EN7: 0 | EO7: 0 | EP7: 0 | EQ7: 0 | ER7: 0 | ES7: 0 | ET7: 0 | EU7: 0 | EV7: 0 | EW7: 0 | EX7: 0 | EY7: 0 | EZ7: 0 | FA7: 0 | FB7: 0 | FC7: 0 | FD7: 0 | FE7: 0 | FF7: 0 | FG7: 0 | FH7: 0 | FI7: 0 | FJ7: 0 | FK7: 0 | FL7: 0 | FM7: 0 | FN7: 0 | FO7: 0 | FP7: 0 | FQ7: 0 | FR7: 0 | FS7: 0 | FT7: 0 | FU7: 0 | FV7: 0 | FW7: 9 | FX7: 0 | FY7: 0 | FZ7: 0 | GA7: 0 | GB7: 0 | GC7: 0 | GD7: 0 | GE7: 0 | GF7: 0 | GG7: 0 | GH7: 0 | GI7: 0 | GJ7: 0 | GK7: 0 | GL7: 0 | GM7: 0 | GN7: 0 | GO7: 0 | GP7: 0 | GQ7: 0 | GR7: 0 | GS7: 0 | GT7: 0 | GU7: 0 | GV7: 0
A8: NKCH Processing | B8: 2 | C8: 0 | D8: 0 | E8: =G8 -> 257 | F8: 0 | G8: =SUM(H8:GZ8) -> 257 | H8: 0 | I8: 0 | J8: 0 | K8: 0 | L8: 0 | M8: 0 | N8: 0 | O8: 0 | P8: 0 | Q8: 0 | R8: 0 | S8: 0 | T8: 0 | U8: 0 | V8: 0 | W8: 0 | X8: 0 | Y8: 0 | Z8: 0 | AA8: 0 | AB8: 0 | AC8: 0 | AD8: 0 | AE8: 0 | AF8: 0 | AG8: 0 | AH8: 0 | AI8: 0 | AJ8: 0 | AK8: 0 | AL8: 0 | AM8: 0 | AN8: 0 | AO8: 0 | AP8: 0 | AQ8: 0 | AR8: 0 | AS8: 0 | AT8: 0 | AU8: 0 | AV8: 0 | AW8: 0 | AX8: 0 | AY8: 0 | AZ8: 0 | BA8: 0 | BB8: 0 | BC8: 0 | BD8: 0 | BE8: 0 | BF8: 0 | BG8: 0 | BH8: 0 | BI8: 0 | BJ8: 0 | BK8: 0 | BL8: 0 | BM8: 0 | BN8: 0 | BO8: 0 | BP8: 0 | BQ8: 0 | BR8: 0 | BS8: 0 | BT8: 0 | BU8: 0 | BV8: 0 | BW8: 0 | BX8: 0 | BY8: 0 | BZ8: 0 | CA8: 0 | CB8: 0 | CC8: 0 | CD8: 0 | CE8: 0 | CF8: 0 | CG8: 0 | CH8: 0 | CI8: 0 | CJ8: 0 | CK8: 0 | CL8: 0 | CM8: 0 | CN8: 0 | CO8: 0 | CP8: 0 | CQ8: 0 | CR8: 50 | CS8: 0 | CT8: 0 | CU8: 0 | CV8: 0 | CW8: 0 | CX8: 0 | CY8: 0 | CZ8: 0 | DA8: 0 | DB8: 0 | DC8: 0 | DD8: 0 | DE8: 0 | DF8: 0 | DG8: 0 | DH8: 0 | DI8: 0 | DJ8: 0 | DK8: 0 | DL8: 0 | DM8: 0 | DN8: 0 | DO8: 0 | DP8: 0 | DQ8: 0 | DR8: 0 | DS8: 0 | DT8: 0 | DU8: 0 | DV8: 0 | DW8: 0 | DX8: 0 | DY8: 0 | DZ8: 0 | EA8: 0 | EB8: 0 | EC8: 0 | ED8: 0 | EE8: 0 | EF8: 0 | EG8: 0 | EH8: 0 | EI8: 0 | EJ8: 0 | EK8: 0 | EL8: 0 | EM8: 0 | EN8: 0 | EO8: 0 | EP8: 0 | EQ8: 0 | ER8: 0 | ES8: 0 | ET8: 0 | EU8: 0 | EV8: 0 | EW8: 0 | EX8: 0 | EY8: 0 | EZ8: 0 | FA8: 0 | FB8: 0 | FC8: 0 | FD8: 0 | FE8: 0 | FF8: 0 | FG8: 0 | FH8: 0 | FI8: 0 | FJ8: 0 | FK8: 0 | FL8: 0 | FM8: 0 | FN8: 0 | FO8: 0 | FP8: 0 | FQ8: 0 | FR8: 0 | FS8: 0 | FT8: 0 | FU8: 0 | FV8: 0 | FW8: 207 | FX8: 0 | FY8: 0 | FZ8: 0 | GA8: 0 | GB8: 0 | GC8: 0 | GD8: 0 | GE8: 0 | GF8: 0 | GG8: 0 | GH8: 0 | GI8: 0 | GJ8: 0 | GK8: 0 | GL8: 0 | GM8: 0 | GN8: 0 | GO8: 0 | GP8: 0 | GQ8: 0 | GR8: 0 | GS8: 0 | GT8: 0 | GU8: 0 | GV8: 0
A9: NYP EMR | B9: 2 | C9: 0 | D9: 0 | E9: 0 | F9: 0 | G9: =SUM(H9:GZ9) -> 59 | H9: 0 | I9: 0 | J9: 0 | K9: 0 | L9: 0 | M9: 0 | N9: 0 | O9: 0 | P9: 0 | Q9: 0 | R9: 0 | S9: 0 | T9: 0 | U9: 0 | V9: 0 | W9: 0 | X9: 0 | Y9: 0 | Z9: 0 | AA9: 0 | AB9: 0 | AC9: 0 | AD9: 0 | AE9: 0 | AF9: 0 | AG9: 0 | AH9: 0 | AI9: 0 | AJ9: 0 | AK9: 0 | AL9: 0 | AM9: 0 | AN9: 0 | AO9: 0 | AP9: 0 | AQ9: 0 | AR9: 0 | AS9: 0 | AT9: 0 | AU9: 0 | AV9: 0 | AW9: 0 | AX9: 0 | AY9: 0 | AZ9: 0 | BA9: 0 | BB9: 0 | BC9: 0 | BD9: 0 | BE9: 0 | BF9: 0 | BG9: 0 | BH9: 0 | BI9: 0 | BJ9: 0 | BK9: 0 | BL9: 0 | BM9: 0 | BN9: 0 | BO9: 0 | BP9: 0 | BQ9: 0 | BR9: 0 | BS9: 0 | BT9: 0 | BU9: 0 | BV9: 0 | BW9: 0 | BX9: 0 | BY9: 0 | BZ9: 0 | CA9: 0 | CB9: 0 | CC9: 0 | CD9: 0 | CE9: 0 | CF9: 0 | CG9: 0 | CH9: 0 | CI9: 0 | CJ9: 0 | CK9: 0 | CL9: 0 | CM9: 0 | CN9: 0 | CO9: 0 | CP9: 0 | CQ9: 0 | CR9: 0 | CS9: 0 | CT9: 0 | CU9: 0 | CV9: 0 | CW9: 0 | CX9: 0 | CY9: 0 | CZ9: 0 | DA9: 0 | DB9: 0 | DC9: 0 | DD9: 0 | DE9: 0 | DF9: 0 | DG9: 0 | DH9: 0 | DI9: 0 | DJ9: 0 | DK9: 0 | DL9: 0 | DM9: 0 | DN9: 0 | DO9: 0 | DP9: 0 | DQ9: 0 | DR9: 0 | DS9: 0 | DT9: 0 | DU9: 0 | DV9: 0 | DW9: 0 | DX9: 0 | DY9: 0 | DZ9: 0 | EA9: 0 | EB9: 0 | EC9: 0 | ED9: 59 | EE9: 0 | EF9: 0 | EG9: 0 | EH9: 0 | EI9: 0 | EJ9: 0 | EK9: 0 | EL9: 0 | EM9: 0 | EN9: 0 | EO9: 0 | EP9: 0 | EQ9: 0 | ER9: 0 | ES9: 0 | ET9: 0 | EU9: 0 | EV9: 0 | EW9: 0 | EX9: 0 | EY9: 0 | EZ9: 0 | FA9: 0 | FB9: 0 | FC9: 0 | FD9: 0 | FE9: 0 | FF9: 0 | FG9: 0 | FH9: 0 | FI9: 0 | FJ9: 0 | FK9: 0 | FL9: 0 | FM9: 0 | FN9: 0 | FO9: 0 | FP9: 0 | FQ9: 0 | FR9: 0 | FS9: 0 | FT9: 0 | FU9: 0 | FV9: 0 | FW9: 0 | FX9: 0 | FY9: 0 | FZ9: 0 | GA9: 0 | GB9: 0 | GC9: 0 | GD9: 0 | GE9: 0 | GF9: 0 | GG9: 0 | GH9: 0 | GI9: 0 | GJ9: 0 | GK9: 0 | GL9: 0 | GM9: 0 | GN9: 0 | GO9: 0 | GP9: 0 | GQ9: 0 | GR9: 0 | GS9: 0 | GT9: 0 | GU9: 0 | GV9: 0
A10: Eisenhower | B10: 2 | C10: 0 | D10: 0 | E10: 0 | F10: =G10 -> 124 | G10: =SUM(H10:GZ10) -> 124 | H10: 0 | I10: 0 | J10: 0 | K10: 0 | L10: 0 | M10: 0 | N10: 0 | O10: 0 | P10: 0 | Q10: 0 | R10: 0 | S10: 0 | T10: 0 | U10: 0 | V10: 0 | W10: 0 | X10: 0 | Y10: 0 | Z10: 0 | AA10: 0 | AB10: 0 | AC10: 0 | AD10: 0 | AE10: 0 | AF10: 0 | AG10: 0 | AH10: 0 | AI10: 0 | AJ10: 0 | AK10: 0 | AL10: 0 | AM10: 0 | AN10: 0 | AO10: 0 | AP10: 0 | AQ10: 0 | AR10: 0 | AS10: 0 | AT10: 0 | AU10: 0 | AV10: 0 | AW10: 0 | AX10: 0 | AY10: 0 | AZ10: 0 | BA10: 0 | BB10: 0 | BC10: 0 | BD10: 0 | BE10: 0 | BF10: 0 | BG10: 0 | BH10: 0 | BI10: 0 | BJ10: 0 | BK10: 0 | BL10: 0 | BM10: 0 | BN10: 0 | BO10: 0 | BP10: 0 | BQ10: 0 | BR10: 0 | BS10: 0 | BT10: 0 | BU10: 0 | BV10: 0 | BW10: 0 | BX10: 0 | BY10: 0 | BZ10: 0 | CA10: 0 | CB10: 0 | CC10: 0 | CD10: 0 | CE10: 0 | CF10: 0 | CG10: 0 | CH10: 0 | CI10: 0 | CJ10: 0 | CK10: 0 | CL10: 0 | CM10: 0 | CN10: 0 | CO10: 0 | CP10: 0 | CQ10: 0 | CR10: 0 | CS10: 0 | CT10: 0 | CU10: 0 | CV10: 0 | CW10: 0 | CX10: 0 | CY10: 0 | CZ10: 0 | DA10: 0 | DB10: 0 | DC10: 0 | DD10: 0 | DE10: 0 | DF10: 0 | DG10: 0 | DH10: 0 | DI10: 0 | DJ10: 0 | DK10: 0 | DL10: 0 | DM10: 0 | DN10: 0 | DO10: 124 | DP10: 0 | DQ10: 0 | DR10: 0 | DS10: 0 | DT10: 0 | DU10: 0 | DV10: 0 | DW10: 0 | DX10: 0 | DY10: 0 | DZ10: 0 | EA10: 0 | EB10: 0 | EC10: 0 | ED10: 0 | EE10: 0 | EF10: 0 | EG10: 0 | EH10: 0 | EI10: 0 | EJ10: 0 | EK10: 0 | EL10: 0 | EM10: 0 | EN10: 0 | EO10: 0 | EP10: 0 | EQ10: 0 | ER10: 0 | ES10: 0 | ET10: 0 | EU10: 0 | EV10: 0 | EW10: 0 | EX10: 0 | EY10: 0 | EZ10: 0 | FA10: 0 | FB10: 0 | FC10: 0 | FD10: 0 | FE10: 0 | FF10: 0 | FG10: 0 | FH10: 0 | FI10: 0 | FJ10: 0 | FK10: 0 | FL10: 0 | FM10: 0 | FN10: 0 | FO10: 0 | FP10: 0 | FQ10: 0 | FR10: 0 | FS10: 0 | FT10: 0 | FU10: 0 | FV10: 0 | FW10: 0 | FX10: 0 | FY10: 0 | FZ10: 0 | GA10: 0 | GB10: 0 | GC10: 0 | GD10: 0 | GE10: 0 | GF10: 0 | GG10: 0 | GH10: 0 | GI10: 0 | GJ10: 0 | GK10: 0 | GL10: 0 | GM10: 0 | GN10: 0 | GO10: 0 | GP10: 0 | GQ10: 0 | GR10: 0 | GS10: 0 | GT10: 0 | GU10: 0 | GV10: 0
A11: Washington Family | B11: 2 | C11: 0 | D11: 0 | E11: =G11 -> 0 | F11: 0 | G11: =SUM(H11:GZ11) -> 0 | H11: 0 | I11: 0 | J11: 0 | K11: 0 | L11: 0 | M11: 0 | N11: 0 | O11: 0 | P11: 0 | Q11: 0 | R11: 0 | S11: 0 | T11: 0 | U11: 0 | V11: 0 | W11: 0 | X11: 0 | Y11: 0 | Z11: 0 | AA11: 0 | AB11: 0 | AC11: 0 | AD11: 0 | AE11: 0 | AF11: 0 | AG11: 0 | AH11: 0 | AI11: 0 | AJ11: 0 | AK11: 0 | AL11: 0 | AM11: 0 | AN11: 0 | AO11: 0 | AP11: 0 | AQ11: 0 | AR11: 0 | AS11: 0 | AT11: 0 | AU11: 0 | AV11: 0 | AW11: 0 | AX11: 0 | AY11: 0 | AZ11: 0 | BA11: 0 | BB11: 0 | BC11: 0 | BD11: 0 | BE11: 0 | BF11: 0 | BG11: 0 | BH11: 0 | BI11: 0 | BJ11: 0 | BK11: 0 | BL11: 0 | BM11: 0 | BN11: 0 | BO11: 0 | BP11: 0 | BQ11: 0 | BR11: 0 | BS11: 0 | BT11: 0 | BU11: 0 | BV11: 0 | BW11: 0 | BX11: 0 | BY11: 0 | BZ11: 0 | CA11: 0 | CB11: 0 | CC11: 0 | CD11: 0 | CE11: 0 | CF11: 0 | CG11: 0 | CH11: 0 | CI11: 0 | CJ11: 0 | CK11: 0 | CL11: 0 | CM11: 0 | CN11: 0 | CO11: 0 | CP11: 0 | CQ11: 0 | CR11: 0 | CS11: 0 | CT11: 0 | CU11: 0 | CV11: 0 | CW11: 0 | CX11: 0 | CY11: 0 | CZ11: 0 | DA11: 0 | DB11: 0 | DC11: 0 | DD11: 0 | DE11: 0 | DF11: 0 | DG11: 0 | DH11: 0 | DI11: 0 | DJ11: 0 | DK11: 0 | DL11: 0 | DM11: 0 | DN11: 0 | DO11: 0 | DP11: 0 | DQ11: 0 | DR11: 0 | DS11: 0 | DT11: 0 | DU11: 0 | DV11: 0 | DW11: 0 | DX11: 0 | DY11: 0 | DZ11: 0 | EA11: 0 | EB11: 0 | EC11: 0 | ED11: 0 | EE11: 0 | EF11: 0 | EG11: 0 | EH11: 0 | EI11: 0 | EJ11: 0 | EK11: 0 | EL11: 0 | EM11: 0 | EN11: 0 | EO11: 0 | EP11: 0 | EQ11: 0 | ER11: 0 | ES11: 0 | ET11: 0 | EU11: 0 | EV11: 0 | EW11: 0 | EX11: 0 | EY11: 0 | EZ11: 0 | FA11: 0 | FB11: 0 | FC11: 0 | FD11: 0 | FE11: 0 | FF11: 0 | FG11: 0 | FH11: 0 | FI11: 0 | FJ11: 0 | FK11: 0 | FL11: 0 | FM11: 0 | FN11: 0 | FO11: 0 | FP11: 0 | FQ11: 0 | FR11: 0 | FS11: 0 | FT11: 0 | FU11: 0 | FV11: 0 | FW11: 0 | FX11: 0 | FY11: 0 | FZ11: 0 | GA11: 0 | GB11: 0 | GC11: 0 | GD11: 0 | GE11: 0 | GF11: 0 | GG11: 0 | GH11: 0 | GI11: 0 | GJ11: 0 | GK11: 0 | GL11: 0 | GM11: 0 | GN11: 0 | GO11: 0 | GP11: 0 | GQ11: 0 | GR11: 0 | GS11: 0 | GT11: 0 | GU11: 0 | GV11: 0
A12: AZA-Processing | B12: 2 | C12: =G12 -> 65 | D12: 0 | E12: 0 | F12: 0 | G12: =SUM(H12:GZ12) -> 65 | H12: 0 | I12: 0 | J12: 0 | K12: 0 | L12: 0 | M12: 0 | N12: 0 | O12: 0 | P12: 0 | Q12: 0 | R12: 0 | S12: 0 | T12: 0 | U12: 0 | V12: 0 | W12: 0 | X12: 0 | Y12: 0 | Z12: 0 | AA12: 0 | AB12: 0 | AC12: 0 | AD12: 0 | AE12: 0 | AF12: 0 | AG12: 0 | AH12: 0 | AI12: 0 | AJ12: 0 | AK12: 0 | AL12: 0 | AM12: 0 | AN12: 0 | AO12: 0 | AP12: 0 | AQ12: 0 | AR12: 0 | AS12: 0 | AT12: 0 | AU12: 0 | AV12: 0 | AW12: 0 | AX12: 0 | AY12: 0 | AZ12: 0 | BA12: 0 | BB12: 0 | BC12: 0 | BD12: 0 | BE12: 0 | BF12: 0 | BG12: 0 | BH12: 0 | BI12: 0 | BJ12: 0 | BK12: 0 | BL12: 0 | BM12: 0 | BN12: 0 | BO12: 0 | BP12: 0 | BQ12: 0 | BR12: 0 | BS12: 0 | BT12: 0 | BU12: 0 | BV12: 0 | BW12: 0 | BX12: 0 | BY12: 0 | BZ12: 0 | CA12: 0 | CB12: 0 | CC12: 0 | CD12: 0 | CE12: 0 | CF12: 0 | CG12: 0 | CH12: 0 | CI12: 0 | CJ12: 0 | CK12: 0 | CL12: 0 | CM12: 0 | CN12: 0 | CO12: 0 | CP12: 0 | CQ12: 0 | CR12: 0 | CS12: 0 | CT12: 0 | CU12: 0 | CV12: 0 | CW12: 0 | CX12: 0 | CY12: 0 | CZ12: 0 | DA12: 0 | DB12: 0 | DC12: 0 | DD12: 0 | DE12: 0 | DF12: 0 | DG12: 0 | DH12: 0 | DI12: 0 | DJ12: 0 | DK12: 0 | DL12: 0 | DM12: 0 | DN12: 0 | DO12: 0 | DP12: 0 | DQ12: 0 | DR12: 0 | DS12: 18 | DT12: 0 | DU12: 0 | DV12: 0 | DW12: 0 | DX12: 0 | DY12: 0 | DZ12: 0 | EA12: 0 | EB12: 0 | EC12: 0 | ED12: 0 | EE12: 0 | EF12: 0 | EG12: 0 | EH12: 0 | EI12: 0 | EJ12: 0 | EK12: 0 | EL12: 0 | EM12: 0 | EN12: 0 | EO12: 0 | EP12: 0 | EQ12: 0 | ER12: 0 | ES12: 0 | ET12: 0 | EU12: 0 | EV12: 0 | EW12: 0 | EX12: 0 | EY12: 0 | EZ12: 0 | FA12: 47 | FB12: 0 | FC12: 0 | FD12: 0 | FE12: 0 | FF12: 0 | FG12: 0 | FH12: 0 | FI12: 0 | FJ12: 0 | FK12: 0 | FL12: 0 | FM12: 0 | FN12: 0 | FO12: 0 | FP12: 0 | FQ12: 0 | FR12: 0 | FS12: 0 | FT12: 0 | FU12: 0 | FV12: 0 | FW12: 0 | FX12: 0 | FY12: 0 | FZ12: 0 | GA12: 0 | GB12: 0 | GC12: 0 | GD12: 0 | GE12: 0 | GF12: 0 | GG12: 0 | GH12: 0 | GI12: 0 | GJ12: 0 | GK12: 0 | GL12: 0 | GM12: 0 | GN12: 0 | GO12: 0 | GP12: 0 | GQ12: 0 | GR12: 0 | GS12: 0 | GT12: 0 | GU12: 0 | GV12: 0
A13: THR Prosessing | B13: 2 | C13: =G13 -> 0 | D13: 0 | E13: 0 | F13: 0 | G13: =SUM(H13:GZ13) -> 0 | H13: 0 | I13: 0 | J13: 0 | K13: 0 | L13: 0 | M13: 0 | N13: 0 | O13: 0 | P13: 0 | Q13: 0 | R13: 0 | S13: 0 | T13: 0 | U13: 0 | V13: 0 | W13: 0 | X13: 0 | Y13: 0 | Z13: 0 | AA13: 0 | AB13: 0 | AC13: 0 | AD13: 0 | AE13: 0 | AF13: 0 | AG13: 0 | AH13: 0 | AI13: 0 | AJ13: 0 | AK13: 0 | AL13: 0 | AM13: 0 | AN13: 0 | AO13: 0 | AP13: 0 | AQ13: 0 | AR13: 0 | AS13: 0 | AT13: 0 | AU13: 0 | AV13: 0 | AW13: 0 | AX13: 0 | AY13: 0 | AZ13: 0 | BA13: 0 | BB13: 0 | BC13: 0 | BD13: 0 | BE13: 0 | BF13: 0 | BG13: 0 | BH13: 0 | BI13: 0 | BJ13: 0 | BK13: 0 | BL13: 0 | BM13: 0 | BN13: 0 | BO13: 0 | BP13: 0 | BQ13: 0 | BR13: 0 | BS13: 0 | BT13: 0 | BU13: 0 | BV13: 0 | BW13: 0 | BX13: 0 | BY13: 0 | BZ13: 0 | CA13: 0 | CB13: 0 | CC13: 0 | CD13: 0 | CE13: 0 | CF13: 0 | CG13: 0 | CH13: 0 | CI13: 0 | CJ13: 0 | CK13: 0 | CL13: 0 | CM13: 0 | CN13: 0 | CO13: 0 | CP13: 0 | CQ13: 0 | CR13: 0 | CS13: 0 | CT13: 0 | CU13: 0 | CV13: 0 | CW13: 0 | CX13: 0 | CY13: 0 | CZ13: 0 | DA13: 0 | DB13: 0 | DC13: 0 | DD13: 0 | DE13: 0 | DF13: 0 | DG13: 0 | DH13: 0 | DI13: 0 | DJ13: 0 | DK13: 0 | DL13: 0 | DM13: 0 | DN13: 0 | DO13: 0 | DP13: 0 | DQ13: 0 | DR13: 0 | DS13: 0 | DT13: 0 | DU13: 0 | DV13: 0 | DW13: 0 | DX13: 0 | DY13: 0 | DZ13: 0 | EA13: 0 | EB13: 0 | EC13: 0 | ED13: 0 | EE13: 0 | EF13: 0 | EG13: 0 | EH13: 0 | EI13: 0 | EJ13: 0 | EK13: 0 | EL13: 0 | EM13: 0 | EN13: 0 | EO13: 0 | EP13: 0 | EQ13: 0 | ER13: 0 | ES13: 0 | ET13: 0 | EU13: 0 | EV13: 0 | EW13: 0 | EX13: 0 | EY13: 0 | EZ13: 0 | FA13: 0 | FB13: 0 | FC13: 0 | FD13: 0 | FE13: 0 | FF13: 0 | FG13: 0 | FH13: 0 | FI13: 0 | FJ13: 0 | FK13: 0 | FL13: 0 | FM13: 0 | FN13: 0 | FO13: 0 | FP13: 0 | FQ13: 0 | FR13: 0 | FS13: 0 | FT13: 0 | FU13: 0 | FV13: 0 | FW13: 0 | FX13: 0 | FY13: 0 | FZ13: 0 | GA13: 0 | GB13: 0 | GC13: 0 | GD13: 0 | GE13: 0 | GF13: 0 | GG13: 0 | GH13: 0 | GI13: 0 | GJ13: 0 | GK13: 0 | GL13: 0 | GM13: 0 | GN13: 0 | GO13: 0 | GP13: 0 | GQ13: 0 | GR13: 0 | GS13: 0 | GT13: 0 | GU13: 0 | GV13: 0
A14: Spring Branch-Processing | B14: 2 | C14: =G14 -> 0 | D14: 0 | E14: 0 | F14: 0 | G14: =SUM(H14:GZ14) -> 0 | H14: 0 | I14: 0 | J14: 0 | K14: 0 | L14: 0 | M14: 0 | N14: 0 | O14: 0 | P14: 0 | Q14: 0 | R14: 0 | S14: 0 | T14: 0 | U14: 0 | V14: 0 | W14: 0 | X14: 0 | Y14: 0 | Z14: 0 | AA14: 0 | AB14: 0 | AC14: 0 | AD14: 0 | AE14: 0 | AF14: 0 | AG14: 0 | AH14: 0 | AI14: 0 | AJ14: 0 | AK14: 0 | AL14: 0 | AM14: 0 | AN14: 0 | AO14: 0 | AP14: 0 | AQ14: 0 | AR14: 0 | AS14: 0 | AT14: 0 | AU14: 0 | AV14: 0 | AW14: 0 | AX14: 0 | AY14: 0 | AZ14: 0 | BA14: 0 | BB14: 0 | BC14: 0 | BD14: 0 | BE14: 0 | BF14: 0 | BG14: 0 | BH14: 0 | BI14: 0 | BJ14: 0 | BK14: 0 | BL14: 0 | BM14: 0 | BN14: 0 | BO14: 0 | BP14: 0 | BQ14: 0 | BR14: 0 | BS14: 0 | BT14: 0 | BU14: 0 | BV14: 0 | BW14: 0 | BX14: 0 | BY14: 0 | BZ14: 0 | CA14: 0 | CB14: 0 | CC14: 0 | CD14: 0 | CE14: 0 | CF14: 0 | CG14: 0 | CH14: 0 | CI14: 0 | CJ14: 0 | CK14: 0 | CL14: 0 | CM14: 0 | CN14: 0 | CO14: 0 | CP14: 0 | CQ14: 0 | CR14: 0 | CS14: 0 | CT14: 0 | CU14: 0 | CV14: 0 | CW14: 0 | CX14: 0 | CY14: 0 | CZ14: 0 | DA14: 0 | DB14: 0 | DC14: 0 | DD14: 0 | DE14: 0 | DF14: 0 | DG14: 0 | DH14: 0 | DI14: 0 | DJ14: 0 | DK14: 0 | DL14: 0 | DM14: 0 | DN14: 0 | DO14: 0 | DP14: 0 | DQ14: 0 | DR14: 0 | DS14: 0 | DT14: 0 | DU14: 0 | DV14: 0 | DW14: 0 | DX14: 0 | DY14: 0 | DZ14: 0 | EA14: 0 | EB14: 0 | EC14: 0 | ED14: 0 | EE14: 0 | EF14: 0 | EG14: 0 | EH14: 0 | EI14: 0 | EJ14: 0 | EK14: 0 | EL14: 0 | EM14: 0 | EN14: 0 | EO14: 0 | EP14: 0 | EQ14: 0 | ER14: 0 | ES14: 0 | ET14: 0 | EU14: 0 | EV14: 0 | EW14: 0 | EX14: 0 | EY14: 0 | EZ14: 0 | FA14: 0 | FB14: 0 | FC14: 0 | FD14: 0 | FE14: 0 | FF14: 0 | FG14: 0 | FH14: 0 | FI14: 0 | FJ14: 0 | FK14: 0 | FL14: 0 | FM14: 0 | FN14: 0 | FO14: 0 | FP14: 0 | FQ14: 0 | FR14: 0 | FS14: 0 | FT14: 0 | FU14: 0 | FV14: 0 | FW14: 0 | FX14: 0 | FY14: 0 | FZ14: 0 | GA14: 0 | GB14: 0 | GC14: 0 | GD14: 0 | GE14: 0 | GF14: 0 | GG14: 0 | GH14: 0 | GI14: 0 | GJ14: 0 | GK14: 0 | GL14: 0 | GM14: 0 | GN14: 0 | GO14: 0 | GP14: 0 | GQ14: 0 | GR14: 0 | GS14: 0 | GT14: 0 | GU14: 0 | GV14: 0
A15: Riverton Family HC-Logging | B15: 0.5 | C15: 0 | D15: =G15 -> 46 | E15: 0 | F15: 0 | G15: =SUM(H15:GZ15) -> 46 | H15: 0 | I15: 0 | J15: 0 | K15: 0 | L15: 0 | M15: 0 | N15: 0 | O15: 0 | P15: 0 | Q15: 0 | R15: 0 | S15: 0 | T15: 0 | U15: 0 | V15: 0 | W15: 46 | X15: 0 | Y15: 0 | Z15: 0 | AA15: 0 | AB15: 0 | AC15: 0 | AD15: 0 | AE15: 0 | AF15: 0 | AG15: 0 | AH15: 0 | AI15: 0 | AJ15: 0 | AK15: 0 | AL15: 0 | AM15: 0 | AN15: 0 | AO15: 0 | AP15: 0 | AQ15: 0 | AR15: 0 | AS15: 0 | AT15: 0 | AU15: 0 | AV15: 0 | AW15: 0 | AX15: 0 | AY15: 0 | AZ15: 0 | BA15: 0 | BB15: 0 | BC15: 0 | BD15: 0 | BE15: 0 | BF15: 0 | BG15: 0 | BH15: 0 | BI15: 0 | BJ15: 0 | BK15: 0 | BL15: 0 | BM15: 0 | BN15: 0 | BO15: 0 | BP15: 0 | BQ15: 0 | BR15: 0 | BS15: 0 | BT15: 0 | BU15: 0 | BV15: 0 | BW15: 0 | BX15: 0 | BY15: 0 | BZ15: 0 | CA15: 0 | CB15: 0 | CC15: 0 | CD15: 0 | CE15: 0 | CF15: 0 | CG15: 0 | CH15: 0 | CI15: 0 | CJ15: 0 | CK15: 0 | CL15: 0 | CM15: 0 | CN15: 0 | CO15: 0 | CP15: 0 | CQ15: 0 | CR15: 0 | CS15: 0 | CT15: 0 | CU15: 0 | CV15: 0 | CW15: 0 | CX15: 0 | CY15: 0 | CZ15: 0 | DA15: 0 | DB15: 0 | DC15: 0 | DD15: 0 | DE15: 0 | DF15: 0 | DG15: 0 | DH15: 0 | DI15: 0 | DJ15: 0 | DK15: 0 | DL15: 0 | DM15: 0 | DN15: 0 | DO15: 0 | DP15: 0 | DQ15: 0 | DR15: 0 | DS15: 0 | DT15: 0 | DU15: 0 | DV15: 0 | DW15: 0 | DX15: 0 | DY15: 0 | DZ15: 0 | EA15: 0 | EB15: 0 | EC15: 0 | ED15: 0 | EE15: 0 | EF15: 0 | EG15: 0 | EH15: 0 | EI15: 0 | EJ15: 0 | EK15: 0 | EL15: 0 | EM15: 0 | EN15: 0 | EO15: 0 | EP15: 0 | EQ15: 0 | ER15: 0 | ES15: 0 | ET15: 0 | EU15: 0 | EV15: 0 | EW15: 0 | EX15: 0 | EY15: 0 | EZ15: 0 | FA15: 0 | FB15: 0 | FC15: 0 | FD15: 0 | FE15: 0 | FF15: 0 | FG15: 0 | FH15: 0 | FI15: 0 | FJ15: 0 | FK15: 0 | FL15: 0 | FM15: 0 | FN15: 0 | FO15: 0 | FP15: 0 | FQ15: 0 | FR15: 0 | FS15: 0 | FT15: 0 | FU15: 0 | FV15: 0 | FW15: 0 | FX15: 0 | FY15: 0 | FZ15: 0 | GA15: 0 | GB15: 0 | GC15: 0 | GD15: 0 | GE15: 0 | GF15: 0 | GG15: 0 | GH15: 0 | GI15: 0 | GJ15: 0 | GK15: 0 | GL15: 0 | GM15: 0 | GN15: 0 | GO15: 0 | GP15: 0 | GQ15: 0 | GR15: 0 | GS15: 0 | GT15: 0 | GU15: 0 | GV15: 0
A16: J.O.Wyatt Clinic-Logging | B16: 0.5 | C16: 0 | D16: =G16 -> 59 | E16: 0 | F16: 0 | G16: =SUM(H16:GZ16) -> 59 | H16: 0 | I16: 0 | J16: 0 | K16: 0 | L16: 0 | M16: 0 | N16: 0 | O16: 0 | P16: 0 | Q16: 0 | R16: 0 | S16: 0 | T16: 0 | U16: 0 | V16: 0 | W16: 0 | X16: 59 | Y16: 0 | Z16: 0 | AA16: 0 | AB16: 0 | AC16: 0 | AD16: 0 | AE16: 0 | AF16: 0 | AG16: 0 | AH16: 0 | AI16: 0 | AJ16: 0 | AK16: 0 | AL16: 0 | AM16: 0 | AN16: 0 | AO16: 0 | AP16: 0 | AQ16: 0 | AR16: 0 | AS16: 0 | AT16: 0 | AU16: 0 | AV16: 0 | AW16: 0 | AX16: 0 | AY16: 0 | AZ16: 0 | BA16: 0 | BB16: 0 | BC16: 0 | BD16: 0 | BE16: 0 | BF16: 0 | BG16: 0 | BH16: 0 | BI16: 0 | BJ16: 0 | BK16: 0 | BL16: 0 | BM16: 0 | BN16: 0 | BO16: 0 | BP16: 0 | BQ16: 0 | BR16: 0 | BS16: 0 | BT16: 0 | BU16: 0 | BV16: 0 | BW16: 0 | BX16: 0 | BY16: 0 | BZ16: 0 | CA16: 0 | CB16: 0 | CC16: 0 | CD16: 0 | CE16: 0 | CF16: 0 | CG16: 0 | CH16: 0 | CI16: 0 | CJ16: 0 | CK16: 0 | CL16: 0 | CM16: 0 | CN16: 0 | CO16: 0 | CP16: 0 | CQ16: 0 | CR16: 0 | CS16: 0 | CT16: 0 | CU16: 0 | CV16: 0 | CW16: 0 | CX16: 0 | CY16: 0 | CZ16: 0 | DA16: 0 | DB16: 0 | DC16: 0 | DD16: 0 | DE16: 0 | DF16: 0 | DG16: 0 | DH16: 0 | DI16: 0 | DJ16: 0 | DK16: 0 | DL16: 0 | DM16: 0 | DN16: 0 | DO16: 0 | DP16: 0 | DQ16: 0 | DR16: 0 | DS16: 0 | DT16: 0 | DU16: 0 | DV16: 0 | DW16: 0 | DX16: 0 | DY16: 0 | DZ16: 0 | EA16: 0 | EB16: 0 | EC16: 0 | ED16: 0 | EE16: 0 | EF16: 0 | EG16: 0 | EH16: 0 | EI16: 0 | EJ16: 0 | EK16: 0 | EL16: 0 | EM16: 0 | EN16: 0 | EO16: 0 | EP16: 0 | EQ16: 0 | ER16: 0 | ES16: 0 | ET16: 0 | EU16: 0 | EV16: 0 | EW16: 0 | EX16: 0 | EY16: 0 | EZ16: 0 | FA16: 0 | FB16: 0 | FC16: 0 | FD16: 0 | FE16: 0 | FF16: 0 | FG16: 0 | FH16: 0 | FI16: 0 | FJ16: 0 | FK16: 0 | FL16: 0 | FM16: 0 | FN16: 0 | FO16: 0 | FP16: 0 | FQ16: 0 | FR16: 0 | FS16: 0 | FT16: 0 | FU16: 0 | FV16: 0 | FW16: 0 | FX16: 0 | FY16: 0 | FZ16: 0 | GA16: 0 | GB16: 0 | GC16: 0 | GD16: 0 | GE16: 0 | GF16: 0 | GG16: 0 | GH16: 0 | GI16: 0 | GJ16: 0 | GK16: 0 | GL16: 0 | GM16: 0 | GN16: 0 | GO16: 0 | GP16: 0 | GQ16: 0 | GR16: 0 | GS16: 0 | GT16: 0 | GU16: 0 | GV16: 0
A17: InterMed DDS | B17: 2 | C17: 0 | D17: 0 | E17: 0 | F17: 0 | G17: =SUM(H17:GZ17) -> 13 | H17: 0 | I17: 0 | J17: 0 | K17: 0 | L17: 0 | M17: 0 | N17: 0 | O17: 0 | P17: 0 | Q17: 0 | R17: 0 | S17: 0 | T17: 0 | U17: 0 | V17: 0 | W17: 0 | X17: 0 | Y17: 0 | Z17: 0 | AA17: 0 | AB17: 0 | AC17: 0 | AD17: 0 | AE17: 0 | AF17: 0 | AG17: 0 | AH17: 0 | AI17: 0 | AJ17: 0 | AK17: 0 | AL17: 0 | AM17: 0 | AN17: 0 | AO17: 0 | AP17: 0 | AQ17: 0 | AR17: 0 | AS17: 0 | AT17: 0 | AU17: 0 | AV17: 0 | AW17: 0 | AX17: 0 | AY17: 0 | AZ17: 0 | BA17: 0 | BB17: 0 | BC17: 0 | BD17: 0 | BE17: 0 | BF17: 0 | BG17: 0 | BH17: 0 | BI17: 0 | BJ17: 0 | BK17: 0 | BL17: 0 | BM17: 0 | BN17: 0 | BO17: 0 | BP17: 0 | BQ17: 0 | BR17: 0 | BS17: 0 | BT17: 0 | BU17: 0 | BV17: 0 | BW17: 0 | BX17: 0 | BY17: 0 | BZ17: 0 | CA17: 0 | CB17: 0 | CC17: 0 | CD17: 0 | CE17: 0 | CF17: 0 | CG17: 0 | CH17: 13 | CI17: 0 | CJ17: 0 | CK17: 0 | CL17: 0 | CM17: 0 | CN17: 0 | CO17: 0 | CP17: 0 | CQ17: 0 | CR17: 0 | CS17: 0 | CT17: 0 | CU17: 0 | CV17: 0 | CW17: 0 | CX17: 0 | CY17: 0 | CZ17: 0 | DA17: 0 | DB17: 0 | DC17: 0 | DD17: 0 | DE17: 0 | DF17: 0 | DG17: 0 | DH17: 0 | DI17: 0 | DJ17: 0 | DK17: 0 | DL17: 0 | DM17: 0 | DN17: 0 | DO17: 0 | DP17: 0 | DQ17: 0 | DR17: 0 | DS17: 0 | DT17: 0 | DU17: 0 | DV17: 0 | DW17: 0 | DX17: 0 | DY17: 0 | DZ17: 0 | EA17: 0 | EB17: 0 | EC17: 0 | ED17: 0 | EE17: 0 | EF17: 0 | EG17: 0 | EH17: 0 | EI17: 0 | EJ17: 0 | EK17: 0 | EL17: 0 | EM17: 0 | EN17: 0 | EO17: 0 | EP17: 0 | EQ17: 0 | ER17: 0 | ES17: 0 | ET17: 0 | EU17: 0 | EV17: 0 | EW17: 0 | EX17: 0 | EY17: 0 | EZ17: 0 | FA17: 0 | FB17: 0 | FC17: 0 | FD17: 0 | FE17: 0 | FF17: 0 | FG17: 0 | FH17: 0 | FI17: 0 | FJ17: 0 | FK17: 0 | FL17: 0 | FM17: 0 | FN17: 0 | FO17: 0 | FP17: 0 | FQ17: 0 | FR17: 0 | FS17: 0 | FT17: 0 | FU17: 0 | FV17: 0 | FW17: 0 | FX17: 0 | FY17: 0 | FZ17: 0 | GA17: 0 | GB17: 0 | GC17: 0 | GD17: 0 | GE17: 0 | GF17: 0 | GG17: 0 | GH17: 0 | GI17: 0 | GJ17: 0 | GK17: 0 | GL17: 0 | GM17: 0 | GN17: 0 | GO17: 0 | GP17: 0 | GQ17: 0 | GR17: 0 | GS17: 0 | GT17: 0 | GU17: 0 | GV17: 0
A18: UPMC-HPR-Processing | B18: 2 | C18: 0 | D18: =G18 -> 163 | E18: 0 | F18: 0 | G18: =SUM(H18:GZ18) -> 163 | H18: 0 | I18: 0 | J18: 0 | K18: 0 | L18: 0 | M18: 0 | N18: 0 | O18: 0 | P18: 0 | Q18: 0 | R18: 0 | S18: 0 | T18: 0 | U18: 0 | V18: 0 | W18: 0 | X18: 0 | Y18: 0 | Z18: 0 | AA18: 0 | AB18: 0 | AC18: 0 | AD18: 0 | AE18: 0 | AF18: 0 | AG18: 0 | AH18: 0 | AI18: 0 | AJ18: 0 | AK18: 0 | AL18: 0 | AM18: 0 | AN18: 0 | AO18: 0 | AP18: 0 | AQ18: 0 | AR18: 0 | AS18: 0 | AT18: 0 | AU18: 0 | AV18: 0 | AW18: 0 | AX18: 0 | AY18: 0 | AZ18: 0 | BA18: 0 | BB18: 0 | BC18: 0 | BD18: 0 | BE18: 0 | BF18: 0 | BG18: 0 | BH18: 0 | BI18: 0 | BJ18: 0 | BK18: 0 | BL18: 0 | BM18: 37 | BN18: 0 | BO18: 0 | BP18: 0 | BQ18: 0 | BR18: 0 | BS18: 0 | BT18: 0 | BU18: 0 | BV18: 0 | BW18: 0 | BX18: 0 | BY18: 0 | BZ18: 0 | CA18: 0 | CB18: 0 | CC18: 0 | CD18: 13 | CE18: 0 | CF18: 0 | CG18: 0 | CH18: 1 | CI18: 0 | CJ18: 0 | CK18: 0 | CL18: 0 | CM18: 0 | CN18: 0 | CO18: 0 | CP18: 0 | CQ18: 0 | CR18: 57 | CS18: 0 | CT18: 0 | CU18: 0 | CV18: 0 | CW18: 0 | CX18: 0 | CY18: 0 | CZ18: 0 | DA18: 0 | DB18: 0 | DC18: 0 | DD18: 0 | DE18: 0 | DF18: 0 | DG18: 0 | DH18: 0 | DI18: 0 | DJ18: 0 | DK18: 0 | DL18: 0 | DM18: 0 | DN18: 0 | DO18: 0 | DP18: 0 | DQ18: 0 | DR18: 0 | DS18: 0 | DT18: 0 | DU18: 0 | DV18: 0 | DW18: 0 | DX18: 0 | DY18: 0 | DZ18: 0 | EA18: 0 | EB18: 0 | EC18: 0 | ED18: 0 | EE18: 0 | EF18: 0 | EG18: 0 | EH18: 0 | EI18: 0 | EJ18: 0 | EK18: 0 | EL18: 0 | EM18: 0 | EN18: 0 | EO18: 0 | EP18: 0 | EQ18: 0 | ER18: 0 | ES18: 0 | ET18: 0 | EU18: 0 | EV18: 0 | EW18: 0 | EX18: 0 | EY18: 0 | EZ18: 23 | FA18: 0 | FB18: 0 | FC18: 0 | FD18: 0 | FE18: 0 | FF18: 0 | FG18: 0 | FH18: 0 | FI18: 0 | FJ18: 0 | FK18: 0 | FL18: 0 | FM18: 0 | FN18: 0 | FO18: 0 | FP18: 0 | FQ18: 0 | FR18: 0 | FS18: 0 | FT18: 0 | FU18: 0 | FV18: 0 | FW18: 0 | FX18: 0 | FY18: 0 | FZ18: 0 | GA18: 0 | GB18: 0 | GC18: 0 | GD18: 0 | GE18: 0 | GF18: 0 | GG18: 0 | GH18: 0 | GI18: 0 | GJ18: 0 | GK18: 0 | GL18: 0 | GM18: 0 | GN18: 0 | GO18: 0 | GP18: 0 | GQ18: 0 | GR18: 0 | GS18: 32 | GT18: 0 | GU18: 0 | GV18: 0
A19: J.O.Wyatt Clinic-Processing | B19: 2 | C19: 0 | D19: 0 | E19: 0 | F19: 0 | G19: =SUM(H19:GZ19) -> 59 | H19: 0 | I19: 0 | J19: 0 | K19: 0 | L19: 0 | M19: 0 | N19: 0 | O19: 0 | P19: 0 | Q19: 0 | R19: 0 | S19: 0 | T19: 0 | U19: 0 | V19: 0 | W19: 0 | X19: 59 | Y19: 0 | Z19: 0 | AA19: 0 | AB19: 0 | AC19: 0 | AD19: 0 | AE19: 0 | AF19: 0 | AG19: 0 | AH19: 0 | AI19: 0 | AJ19: 0 | AK19: 0 | AL19: 0 | AM19: 0 | AN19: 0 | AO19: 0 | AP19: 0 | AQ19: 0 | AR19: 0 | AS19: 0 | AT19: 0 | AU19: 0 | AV19: 0 | AW19: 0 | AX19: 0 | AY19: 0 | AZ19: 0 | BA19: 0 | BB19: 0 | BC19: 0 | BD19: 0 | BE19: 0 | BF19: 0 | BG19: 0 | BH19: 0 | BI19: 0 | BJ19: 0 | BK19: 0 | BL19: 0 | BM19: 0 | BN19: 0 | BO19: 0 | BP19: 0 | BQ19: 0 | BR19: 0 | BS19: 0 | BT19: 0 | BU19: 0 | BV19: 0 | BW19: 0 | BX19: 0 | BY19: 0 | BZ19: 0 | CA19: 0 | CB19: 0 | CC19: 0 | CD19: 0 | CE19: 0 | CF19: 0 | CG19: 0 | CH19: 0 | CI19: 0 | CJ19: 0 | CK19: 0 | CL19: 0 | CM19: 0 | CN19: 0 | CO19: 0 | CP19: 0 | CQ19: 0 | CR19: 0 | CS19: 0 | CT19: 0 | CU19: 0 | CV19: 0 | CW19: 0 | CX19: 0 | CY19: 0 | CZ19: 0 | DA19: 0 | DB19: 0 | DC19: 0 | DD19: 0 | DE19: 0 | DF19: 0 | DG19: 0 | DH19: 0 | DI19: 0 | DJ19: 0 | DK19: 0 | DL19: 0 | DM19: 0 | DN19: 0 | DO19: 0 | DP19: 0 | DQ19: 0 | DR19: 0 | DS19: 0 | DT19: 0 | DU19: 0 | DV19: 0 | DW19: 0 | DX19: 0 | DY19: 0 | DZ19: 0 | EA19: 0 | EB19: 0 | EC19: 0 | ED19: 0 | EE19: 0 | EF19: 0 | EG19: 0 | EH19: 0 | EI19: 0 | EJ19: 0 | EK19: 0 | EL19: 0 | EM19: 0 | EN19: 0 | EO19: 0 | EP19: 0 | EQ19: 0 | ER19: 0 | ES19: 0 | ET19: 0 | EU19: 0 | EV19: 0 | EW19: 0 | EX19: 0 | EY19: 0 | EZ19: 0 | FA19: 0 | FB19: 0 | FC19: 0 | FD19: 0 | FE19: 0 | FF19: 0 | FG19: 0 | FH19: 0 | FI19: 0 | FJ19: 0 | FK19: 0 | FL19: 0 | FM19: 0 | FN19: 0 | FO19: 0 | FP19: 0 | FQ19: 0 | FR19: 0 | FS19: 0 | FT19: 0 | FU19: 0 | FV19: 0 | FW19: 0 | FX19: 0 | FY19: 0 | FZ19: 0 | GA19: 0 | GB19: 0 | GC19: 0 | GD19: 0 | GE19: 0 | GF19: 0 | GG19: 0 | GH19: 0 | GI19: 0 | GJ19: 0 | GK19: 0 | GL19: 0 | GM19: 0 | GN19: 0 | GO19: 0 | GP19: 0 | GQ19: 0 | GR19: 0 | GS19: 0 | GT19: 0 | GU19: 0 | GV19: 0
A20: Riverton Family HC-Processing | B20: 2 | C20: 0 | D20: 0 | E20: 0 | F20: 0 | G20: =SUM(H20:GZ20) -> 46 | H20: 0 | I20: 0 | J20: 0 | K20: 0 | L20: 0 | M20: 0 | N20: 0 | O20: 0 | P20: 0 | Q20: 0 | R20: 0 | S20: 0 | T20: 0 | U20: 0 | V20: 0 | W20: 46 | X20: 0 | Y20: 0 | Z20: 0 | AA20: 0 | AB20: 0 | AC20: 0 | AD20: 0 | AE20: 0 | AF20: 0 | AG20: 0 | AH20: 0 | AI20: 0 | AJ20: 0 | AK20: 0 | AL20: 0 | AM20: 0 | AN20: 0 | AO20: 0 | AP20: 0 | AQ20: 0 | AR20: 0 | AS20: 0 | AT20: 0 | AU20: 0 | AV20: 0 | AW20: 0 | AX20: 0 | AY20: 0 | AZ20: 0 | BA20: 0 | BB20: 0 | BC20: 0 | BD20: 0 | BE20: 0 | BF20: 0 | BG20: 0 | BH20: 0 | BI20: 0 | BJ20: 0 | BK20: 0 | BL20: 0 | BM20: 0 | BN20: 0 | BO20: 0 | BP20: 0 | BQ20: 0 | BR20: 0 | BS20: 0 | BT20: 0 | BU20: 0 | BV20: 0 | BW20: 0 | BX20: 0 | BY20: 0 | BZ20: 0 | CA20: 0 | CB20: 0 | CC20: 0 | CD20: 0 | CE20: 0 | CF20: 0 | CG20: 0 | CH20: 0 | CI20: 0 | CJ20: 0 | CK20: 0 | CL20: 0 | CM20: 0 | CN20: 0 | CO20: 0 | CP20: 0 | CQ20: 0 | CR20: 0 | CS20: 0 | CT20: 0 | CU20: 0 | CV20: 0 | CW20: 0 | CX20: 0 | CY20: 0 | CZ20: 0 | DA20: 0 | DB20: 0 | DC20: 0 | DD20: 0 | DE20: 0 | DF20: 0 | DG20: 0 | DH20: 0 | DI20: 0 | DJ20: 0 | DK20: 0 | DL20: 0 | DM20: 0 | DN20: 0 | DO20: 0 | DP20: 0 | DQ20: 0 | DR20: 0 | DS20: 0 | DT20: 0 | DU20: 0 | DV20: 0 | DW20: 0 | DX20: 0 | DY20: 0 | DZ20: 0 | EA20: 0 | EB20: 0 | EC20: 0 | ED20: 0 | EE20: 0 | EF20: 0 | EG20: 0 | EH20: 0 | EI20: 0 | EJ20: 0 | EK20: 0 | EL20: 0 | EM20: 0 | EN20: 0 | EO20: 0 | EP20: 0 | EQ20: 0 | ER20: 0 | ES20: 0 | ET20: 0 | EU20: 0 | EV20: 0 | EW20: 0 | EX20: 0 | EY20: 0 | EZ20: 0 | FA20: 0 | FB20: 0 | FC20: 0 | FD20: 0 | FE20: 0 | FF20: 0 | FG20: 0 | FH20: 0 | FI20: 0 | FJ20: 0 | FK20: 0 | FL20: 0 | FM20: 0 | FN20: 0 | FO20: 0 | FP20: 0 | FQ20: 0 | FR20: 0 | FS20: 0 | FT20: 0 | FU20: 0 | FV20: 0 | FW20: 0 | FX20: 0 | FY20: 0 | FZ20: 0 | GA20: 0 | GB20: 0 | GC20: 0 | GD20: 0 | GE20: 0 | GF20: 0 | GG20: 0 | GH20: 0 | GI20: 0 | GJ20: 0 | GK20: 0 | GL20: 0 | GM20: 0 | GN20: 0 | GO20: 0 | GP20: 0 | GQ20: 0 | GR20: 0 | GS20: 0 | GT20: 0 | GU20: 0 | GV20: 0
A21: Brightli DDS Processing | B21: 2 | C21: 0 | D21: 0 | E21: 0 | F21: 0 | G21: =SUM(H21:GZ21) -> 21 | H21: 0 | I21: 0 | J21: 0 | K21: 0 | L21: 0 | M21: 0 | N21: 0 | O21: 0 | P21: 0 | Q21: 0 | R21: 0 | S21: 0 | T21: 0 | U21: 0 | V21: 0 | W21: 0 | X21: 0 | Y21: 0 | Z21: 0 | AA21: 0 | AB21: 0 | AC21: 0 | AD21: 0 | AE21: 0 | AF21: 0 | AG21: 0 | AH21: 0 | AI21: 0 | AJ21: 0 | AK21: 0 | AL21: 0 | AM21: 0 | AN21: 0 | AO21: 0 | AP21: 0 | AQ21: 0 | AR21: 0 | AS21: 0 | AT21: 0 | AU21: 0 | AV21: 0 | AW21: 0 | AX21: 0 | AY21: 0 | AZ21: 0 | BA21: 0 | BB21: 0 | BC21: 0 | BD21: 0 | BE21: 0 | BF21: 0 | BG21: 0 | BH21: 0 | BI21: 0 | BJ21: 0 | BK21: 0 | BL21: 0 | BM21: 0 | BN21: 0 | BO21: 0 | BP21: 0 | BQ21: 0 | BR21: 0 | BS21: 0 | BT21: 0 | BU21: 0 | BV21: 0 | BW21: 0 | BX21: 0 | BY21: 0 | BZ21: 0 | CA21: 0 | CB21: 0 | CC21: 0 | CD21: 0 | CE21: 0 | CF21: 0 | CG21: 0 | CH21: 0 | CI21: 0 | CJ21: 0 | CK21: 0 | CL21: 0 | CM21: 0 | CN21: 0 | CO21: 0 | CP21: 0 | CQ21: 0 | CR21: 0 | CS21: 0 | CT21: 0 | CU21: 0 | CV21: 0 | CW21: 0 | CX21: 0 | CY21: 0 | CZ21: 0 | DA21: 0 | DB21: 0 | DC21: 0 | DD21: 0 | DE21: 0 | DF21: 0 | DG21: 0 | DH21: 0 | DI21: 0 | DJ21: 0 | DK21: 0 | DL21: 0 | DM21: 0 | DN21: 0 | DO21: 0 | DP21: 0 | DQ21: 0 | DR21: 0 | DS21: 0 | DT21: 15 | DU21: 0 | DV21: 0 | DW21: 0 | DX21: 0 | DY21: 0 | DZ21: 0 | EA21: 0 | EB21: 0 | EC21: 0 | ED21: 6 | EE21: 0 | EF21: 0 | EG21: 0 | EH21: 0 | EI21: 0 | EJ21: 0 | EK21: 0 | EL21: 0 | EM21: 0 | EN21: 0 | EO21: 0 | EP21: 0 | EQ21: 0 | ER21: 0 | ES21: 0 | ET21: 0 | EU21: 0 | EV21: 0 | EW21: 0 | EX21: 0 | EY21: 0 | EZ21: 0 | FA21: 0 | FB21: 0 | FC21: 0 | FD21: 0 | FE21: 0 | FF21: 0 | FG21: 0 | FH21: 0 | FI21: 0 | FJ21: 0 | FK21: 0 | FL21: 0 | FM21: 0 | FN21: 0 | FO21: 0 | FP21: 0 | FQ21: 0 | FR21: 0 | FS21: 0 | FT21: 0 | FU21: 0 | FV21: 0 | FW21: 0 | FX21: 0 | FY21: 0 | FZ21: 0 | GA21: 0 | GB21: 0 | GC21: 0 | GD21: 0 | GE21: 0 | GF21: 0 | GG21: 0 | GH21: 0 | GI21: 0 | GJ21: 0 | GK21: 0 | GL21: 0 | GM21: 0 | GN21: 0 | GO21: 0 | GP21: 0 | GQ21: 0 | GR21: 0 | GS21: 0 | GT21: 0 | GU21: 0 | GV21: 0
A22: Canyonlands HC Logging | B22: 0.5 | C22: 0 | D22: 0 | E22: 0 | F22: 0 | G22: =SUM(H22:GZ22) -> 122 | H22: 0 | I22: 0 | J22: 0 | K22: 0 | L22: 0 | M22: 0 | N22: 0 | O22: 0 | P22: 0 | Q22: 0 | R22: 0 | S22: 0 | T22: 0 | U22: 0 | V22: 0 | W22: 0 | X22: 0 | Y22: 122 | Z22: 0 | AA22: 0 | AB22: 0 | AC22: 0 | AD22: 0 | AE22: 0 | AF22: 0 | AG22: 0 | AH22: 0 | AI22: 0 | AJ22: 0 | AK22: 0 | AL22: 0 | AM22: 0 | AN22: 0 | AO22: 0 | AP22: 0 | AQ22: 0 | AR22: 0 | AS22: 0 | AT22: 0 | AU22: 0 | AV22: 0 | AW22: 0 | AX22: 0 | AY22: 0 | AZ22: 0 | BA22: 0 | BB22: 0 | BC22: 0 | BD22: 0 | BE22: 0 | BF22: 0 | BG22: 0 | BH22: 0 | BI22: 0 | BJ22: 0 | BK22: 0 | BL22: 0 | BM22: 0 | BN22: 0 | BO22: 0 | BP22: 0 | BQ22: 0 | BR22: 0 | BS22: 0 | BT22: 0 | BU22: 0 | BV22: 0 | BW22: 0 | BX22: 0 | BY22: 0 | BZ22: 0 | CA22: 0 | CB22: 0 | CC22: 0 | CD22: 0 | CE22: 0 | CF22: 0 | CG22: 0 | CH22: 0 | CI22: 0 | CJ22: 0 | CK22: 0 | CL22: 0 | CM22: 0 | CN22: 0 | CO22: 0 | CP22: 0 | CQ22: 0 | CR22: 0 | CS22: 0 | CT22: 0 | CU22: 0 | CV22: 0 | CW22: 0 | CX22: 0 | CY22: 0 | CZ22: 0 | DA22: 0 | DB22: 0 | DC22: 0 | DD22: 0 | DE22: 0 | DF22: 0 | DG22: 0 | DH22: 0 | DI22: 0 | DJ22: 0 | DK22: 0 | DL22: 0 | DM22: 0 | DN22: 0 | DO22: 0 | DP22: 0 | DQ22: 0 | DR22: 0 | DS22: 0 | DT22: 0 | DU22: 0 | DV22: 0 | DW22: 0 | DX22: 0 | DY22: 0 | DZ22: 0 | EA22: 0 | EB22: 0 | EC22: 0 | ED22: 0 | EE22: 0 | EF22: 0 | EG22: 0 | EH22: 0 | EI22: 0 | EJ22: 0 | EK22: 0 | EL22: 0 | EM22: 0 | EN22: 0 | EO22: 0 | EP22: 0 | EQ22: 0 | ER22: 0 | ES22: 0 | ET22: 0 | EU22: 0 | EV22: 0 | EW22: 0 | EX22: 0 | EY22: 0 | EZ22: 0 | FA22: 0 | FB22: 0 | FC22: 0 | FD22: 0 | FE22: 0 | FF22: 0 | FG22: 0 | FH22: 0 | FI22: 0 | FJ22: 0 | FK22: 0 | FL22: 0 | FM22: 0 | FN22: 0 | FO22: 0 | FP22: 0 | FQ22: 0 | FR22: 0 | FS22: 0 | FT22: 0 | FU22: 0 | FV22: 0 | FW22: 0 | FX22: 0 | FY22: 0 | FZ22: 0 | GA22: 0 | GB22: 0 | GC22: 0 | GD22: 0 | GE22: 0 | GF22: 0 | GG22: 0 | GH22: 0 | GI22: 0 | GJ22: 0 | GK22: 0 | GL22: 0 | GM22: 0 | GN22: 0 | GO22: 0 | GP22: 0 | GQ22: 0 | GR22: 0 | GS22: 0 | GT22: 0 | GU22: 0 | GV22: 0
